time@s;bike-faulty@km/h;
0.00000000;NaN;
0.10000000;NaN;
0.20000000;0.00000000;
0.30000000;0.00000000;
0.40000000;0.00000000;
0.50000000;0.00000000;
0.60000000;0.00000000;
0.70000000;0.00000000;
0.80000000;0.00000000;
0.90000000;0.00000000;
1.00000000;0.00000000;
1.10000000;0.00000000;
1.20000000;0.00000000;
1.30000000;0.00000000;
1.40000000;0.00000000;
1.50000000;0.00000000;
1.60000000;0.00000000;
1.70000000;0.00000000;
1.80000000;0.00000000;
1.90000000;0.00000000;
2.00000000;0.00000000;
0.00000000;0.00000000;
2.20000000;0.00000000;
2.30000000;0.00000000;
2.40000000;0.00000000;
2.50000000;0.00000000;
2.60000000;0.00000000;
2.70000000;0.00000000;
2.80000000;0.00000000;
2.90000000;0.00000000;
3.00000000;0.00000000;
3.10000000;0.00000000;
3.20000000;0.00000000;
3.30000000;0.00000000;
3.40000000;0.00000000;
3.50000000;0.00000000;
3.60000000;0.00000000;
3.70000000;0.00000000;
3.80000000;0.00000000;
3.90000000;0.00000000;
4.00000000;0.00000000;
4.10000000;0.00000000;
4.20000000;0.00000000;
4.30000000;0.00000000;
4.40000000;0.00000000;
4.50000000;0.00000000;
4.60000000;0.00000000;
4.70000000;0.00000000;
4.80000000;0.00000000;
4.90000000;0.00000000;
5.00000000;0.00000000;
5.10000000;0.00000000;
5.20000000;0.00000000;
5.30000000;0.00000000;
5.40000000;0.00000000;
5.50000000;0.00000000;
5.60000000;0.00000000;
5.70000000;0.00000000;
5.80000000;0.00000000;
5.90000000;0.00000000;
6.00000000;0.00000000;
6.10000000;0.00000000;
6.20000000;0.00000000;
6.30000000;0.00000000;
6.40000000;0.00000000;
6.50000000;0.00000000;
6.60000000;0.00000000;
6.70000000;0.00000000;
6.80000000;0.00000000;
6.90000000;0.00000000;
7.00000000;0.00000000;
7.10000000;0.00000000;
7.20000000;0.00000000;
7.30000000;0.00000000;
7.40000000;0.00000000;
7.50000000;0.00000000;
7.60000000;0.00000000;
7.70000000;0.00000000;
7.80000000;0.00000000;
7.90000000;0.00000000;
8.00000000;0.00000000;
8.10000000;0.00000000;
8.20000000;0.00000000;
8.30000000;0.00000000;
8.40000000;0.00000000;
8.50000000;0.00000000;
8.60000000;0.00000000;
8.70000000;0.00000000;
8.80000000;0.00000000;
8.90000000;0.00000000;
9.00000000;0.00000000;
9.10000000;0.00000000;
9.20000000;0.00000000;
9.30000000;0.00000000;
9.40000000;0.00000000;
9.50000000;0.00000000;
9.60000000;0.00000000;
9.70000000;0.00000000;
9.80000000;0.00000000;
9.90000000;0.00000000;
10.0000000;0.00000000;
10.1000000;0.00000000;
10.2000000;0.00000000;
10.3000000;0.00000000;
10.4000000;0.00000000;
10.5000000;0.00000000;
10.6000000;0.00000000;
10.7000000;0.00000000;
10.8000000;0.00000000;
10.9000000;0.00000000;
11.0000000;0.00000000;
11.1000000;0.00000000;
11.2000000;0.00000000;
11.3000000;0.00000000;
11.4000000;0.00000000;
11.5000000;0.00000000;
11.6000000;0.00000000;
11.7000000;0.00000000;
11.8000000;0.00000000;
11.9000000;0.00000000;
12.0000000;0.00000000;
0.0000000;0.00000000;
12.2000000;0.00000000;
12.3000000;0.00000000;
12.4000000;0.00000000;
12.5000000;0.00000000;
12.6000000;0.00000000;
12.7000000;0.00000000;
12.8000000;0.00000000;
12.9000000;0.00000000;
13.0000000;0.00000000;
13.1000000;0.00000000;
13.2000000;0.00000000;
13.3000000;0.00000000;
13.4000000;0.00000000;
13.5000000;0.00000000;
13.6000000;0.00000000;
13.7000000;0.00000000;
13.8000000;0.00000000;
13.9000000;0.00000000;
14.0000000;0.00000000;
14.1000000;0.00000000;
14.2000000;0.00000000;
14.3000000;0.00000000;
14.4000000;0.00000000;
14.5000000;0.00000000;
14.6000000;0.00000000;
14.7000000;0.00000000;
14.8000000;0.00000000;
14.9000000;0.00000000;
15.0000000;0.00000000;
15.1000000;0.00000000;
15.2000000;0.00000000;
15.3000000;0.00000000;
15.4000000;0.00000000;
15.5000000;0.00000000;
15.6000000;0.00000000;
15.7000000;0.00000000;
15.8000000;0.00000000;
15.9000000;0.00000000;
16.0000000;0.00000000;
16.1000000;0.00000000;
16.2000000;0.00000000;
16.3000000;0.00000000;
16.4000000;0.00000000;
16.5000000;0.00000000;
16.6000000;0.00000000;
16.7000000;0.00000000;
16.8000000;0.00000000;
16.9000000;0.00000000;
17.0000000;0.00000000;
17.1000000;0.00000000;
17.2000000;0.00000000;
17.3000000;0.00000000;
17.4000000;0.00000000;
17.5000000;0.00000000;
17.6000000;0.00000000;
17.7000000;0.00000000;
17.8000000;0.00000000;
17.9000000;0.00000000;
18.0000000;0.00000000;
18.1000000;0.00000000;
18.2000000;0.00000000;
18.3000000;0.00000000;
18.4000000;0.00000000;
18.5000000;0.00000000;
18.6000000;0.00000000;
18.7000000;0.00000000;
18.8000000;0.00000000;
18.9000000;0.00000000;
19.0000000;0.00000000;
19.1000000;0.00000000;
19.2000000;0.00000000;
19.3000000;0.00000000;
19.4000000;0.00000000;
19.5000000;0.00000000;
19.6000000;0.00000000;
19.7000000;0.00000000;
19.8000000;0.00000000;
19.9000000;0.12320000;
20.0000000;0.42835200;
20.1000000;0.79648512;
20.2000000;1.10090279;
20.3000000;1.30380317;
20.4000000;1.41708057;
20.5000000;-20.01752259;
20.6000000;1.60918269;
20.7000000;1.68343798;
20.8000000;1.71694076;
20.9000000;1.73270727;
21.0000000;1.74549289;
21.1000000;1.75584924;
21.2000000;1.76423105;
21.3000000;1.77102634;
21.4000000;1.77653133;
21.5000000;1.78968935;
21.6000000;1.86327583;
21.7000000;2.04527343;
21.8000000;2.24247148;
21.9000000;2.49619825;
22.0000000;2.74273258;
0.0000000;2.98791739;
22.2000000;3.19904219;
22.3000000;3.37020280;
22.4000000;3.50886427;
22.5000000;3.59466829;
22.6000000;3.62625796;
22.7000000;3.60521295;
22.8000000;3.53166249;
22.9000000;3.40488089;
23.0000000;3.24457552;
23.1000000;3.10310617;
23.2000000;2.98860798;
23.3000000;2.89578457;
23.4000000;2.83832550;
23.5000000;2.79307991;
23.6000000;2.75639957;
23.7000000;2.72668366;
23.8000000;2.70261376;
23.9000000;2.65745533;
24.0000000;2.58953882;
24.1000000;2.53452644;
24.2000000;2.48145900;
24.3000000;2.42798905;
24.4000000;2.42004313;
24.5000000;2.41623796;
24.6000000;2.41315318;
24.7000000;2.41065407;
24.8000000;2.40862980;
24.9000000;2.42464167;
25.0000000;2.43895975;
25.1000000;2.43290740;
25.2000000;2.40902520;
25.3000000;2.37068134;
25.4000000;2.33825189;
25.5000000;2.31200474;
25.6000000;2.29072689;
25.7000000;2.27348878;
25.8000000;2.29336591;
25.9000000;2.37760812;
26.0000000;2.50149458;
26.1000000;2.65884261;
26.2000000;2.80797521;
26.3000000;2.99217462;
26.4000000;3.15408144;
26.5000000;3.34762722;
26.6000000;3.69959115;
26.7000000;4.26274883;
26.8000000;5.10782656;
26.9000000;5.95766441;
27.0000000;6.86781018;
27.1000000;7.71996624;
27.2000000;8.83194257;
27.3000000;9.94756326;
27.4000000;11.1237622;
27.5000000;12.3869447;
27.6000000;13.6309811;
27.7000000;14.8288267;
27.8000000;16.2516716;
27.9000000;17.5303190;
28.0000000;18.6484944;
28.1000000;19.7624645;
28.2000000;20.8184978;
28.3000000;21.9600579;
28.4000000;23.1048069;
28.5000000;24.1622378;
28.6000000;25.1320770;
28.7000000;25.9937904;
28.8000000;26.9212782;
28.9000000;27.8127443;
29.0000000;28.7168789;
29.1000000;29.5481059;
29.2000000;30.3700455;
29.3000000;31.0935203;
29.4000000;31.8832794;
29.5000000;32.7160864;
29.6000000;33.5250991;
29.7000000;34.1935502;
29.8000000;34.8840017;
29.9000000;35.5879714;
30.0000000;36.2222168;
30.1000000;36.8870756;
30.2000000;37.5363651;
30.3000000;38.1438996;
30.4000000;38.7507266;
30.5000000;39.3498439;
30.6000000;39.9932972;
30.7000000;40.5819147;
30.8000000;41.0776949;
30.9000000;-20.0141645;
31.0000000;41.9169393;
31.1000000;42.2465348;
31.2000000;42.5051736;
31.3000000;42.7131544;
31.4000000;42.8816551;
31.5000000;43.0181406;
31.6000000;43.0340413;
31.7000000;42.9076334;
31.8000000;42.7386031;
31.9000000;42.5983987;
32.0000000;42.4512709;
0.0000000;42.3085295;
32.2000000;42.1596101;
32.3000000;41.9819361;
32.4000000;41.8143683;
32.5000000;41.6613843;
32.6000000;-20.0186018;
32.7000000;41.3677515;
32.8000000;41.2218787;
32.9000000;41.0958113;
33.0000000;40.9745871;
33.1000000;40.8401776;
33.2000000;40.7014305;
33.3000000;40.5631798;
33.4000000;40.4009757;
33.5000000;40.2678888;
33.6000000;40.1520301;
33.7000000;40.0311844;
33.8000000;39.8553994;
33.9000000;39.5845849;
34.0000000;39.3343898;
34.1000000;39.0765677;
34.2000000;38.8531844;
34.3000000;38.6721138;
34.4000000;38.5254122;
34.5000000;38.5306671;
34.6000000;38.6962552;
34.7000000;39.0217267;
34.8000000;39.5088706;
34.9000000;39.9859021;
35.0000000;40.4468107;
35.1000000;40.8448167;
35.2000000;41.2122497;
35.3000000;-20.0217432;
35.4000000;41.7993720;
35.5000000;42.0543713;
35.6000000;42.2796993;
35.7000000;42.4735564;
35.8000000;42.6305807;
35.9000000;42.7576527;
36.0000000;42.8358027;
36.1000000;42.8860002;
36.2000000;42.9266307;
36.3000000;42.9595642;
36.4000000;42.9784270;
36.5000000;42.9825229;
36.6000000;42.9950629;
36.7000000;42.9711810;
36.8000000;42.9308566;
36.9000000;42.8870344;
37.0000000;42.8004919;
37.1000000;42.6592744;
37.2000000;42.4728361;
37.3000000;42.2802754;
37.4000000;42.0882791;
37.5000000;41.9026568;
37.6000000;41.7424438;
37.7000000;-20.0674475;
37.8000000;41.4046665;
37.9000000;41.2539556;
38.0000000;41.1219840;
38.1000000;40.9960870;
38.2000000;40.8829111;
38.3000000;40.7911775;
38.4000000;40.7168538;
38.5000000;40.6490096;
38.6000000;40.5827120;
38.7000000;40.5213167;
38.8000000;40.4356745;
38.9000000;40.3529728;
39.0000000;40.2552680;
39.1000000;40.0985531;
39.2000000;39.9392904;
39.3000000;39.7345437;
39.4000000;39.5021044;
39.5000000;39.3042139;
39.6000000;39.1172109;
39.7000000;38.9184628;
39.8000000;38.7439549;
39.9000000;38.6027339;
40.0000000;38.4257745;
40.1000000;38.1477973;
40.2000000;37.8484972;
40.3000000;37.5376178;
40.4000000;37.1423604;
40.5000000;36.7947346;
40.6000000;36.4503188;
40.7000000;36.0797582;
40.8000000;35.7308762;
40.9000000;35.3894295;
41.0000000;35.0631119;
41.1000000;34.7683346;
41.2000000;34.4864484;
41.3000000;34.2420790;
41.4000000;34.0273160;
41.5000000;33.8175900;
41.6000000;33.6266586;
41.7000000;33.4285935;
41.8000000;33.2019107;
41.9000000;32.9632991;
42.0000000;32.7031003;
0.0000000;32.4405512;
42.2000000;32.1715715;
42.3000000;31.9248509;
42.4000000;31.6962093;
42.5000000;31.4472261;
42.6000000;31.2218644;
42.7000000;31.0202702;
42.8000000;30.8287228;
42.9000000;30.6547325;
43.0000000;30.4946554;
43.1000000;30.3626708;
43.2000000;30.2484311;
43.3000000;30.1275941;
43.4000000;30.0199512;
43.5000000;29.9138424;
43.6000000;29.8162359;
43.7000000;29.7076311;
43.8000000;29.5731812;
43.9000000;29.4643770;
44.0000000;29.3761454;
44.1000000;29.3046777;
44.2000000;29.2468281;
44.3000000;29.1999422;
44.4000000;29.1380072;
44.5000000;29.0738291;
44.6000000;28.9905864;
44.7000000;28.5368070;
44.8000000;27.7856017;
44.9000000;27.0528416;
45.0000000;26.3709517;
45.1000000;25.7680008;
45.2000000;25.1450778;
45.3000000;24.4318480;
45.4000000;23.7555729;
45.5000000;23.0599555;
45.6000000;22.2881108;
45.7000000;21.4022637;
45.8000000;20.5139036;
45.9000000;19.7254696;
46.0000000;18.9384384;
46.1000000;18.1571031;
46.2000000;17.4464396;
46.3000000;16.8322705;
46.4000000;16.3012011;
46.5000000;15.8287900;
46.6000000;15.4290189;
46.7000000;15.0671053;
46.8000000;14.7503553;
46.9000000;14.4703815;
47.0000000;14.1323390;
47.1000000;13.7677306;
47.2000000;13.4034202;
47.3000000;13.0279716;
47.4000000;12.7186570;
47.5000000;12.4682766;
47.6000000;12.2582172;
47.7000000;11.9418999;
47.8000000;-20.0238150;
47.9000000;11.0947552;
48.0000000;10.6518637;
48.1000000;10.2030736;
48.2000000;9.76644645;
48.3000000;9.30825088;
48.4000000;8.84619321;
48.5000000;8.33814838;
48.6000000;7.83033207;
48.7000000;7.19068897;
48.8000000;6.61537807;
48.9000000;6.12154078;
49.0000000;5.71844803;
49.1000000;5.37558890;
49.2000000;5.11886022;
49.3000000;4.92527677;
49.4000000;4.76847419;
49.5000000;4.65780009;
49.6000000;4.58721585;
49.7000000;4.53264484;
49.8000000;4.50476032;
49.9000000;4.48487411;
50.0000000;4.48504803;
50.1000000;4.50418891;
50.2000000;4.52936738;
50.3000000;4.56177862;
50.4000000;4.59502068;
50.5000000;4.64787402;
50.6000000;4.72171936;
50.7000000;4.80985668;
50.8000000;4.90024791;
50.9000000;4.97613120;
51.0000000;5.03072627;
51.1000000;5.06288828;
51.2000000;5.07268944;
51.3000000;5.09410499;
51.4000000;5.11422504;
51.5000000;5.13051197;
51.6000000;5.15992096;
51.7000000;5.18653597;
51.8000000;5.20809414;
51.9000000;5.22554026;
52.0000000;5.23280761;
0.0000000;5.22657417;
52.2000000;5.22152825;
52.3000000;5.20126505;
52.4000000;5.14967669;
52.5000000;5.06994450;
52.6000000;4.95120733;
52.7000000;4.81416594;
52.8000000;4.68131841;
52.9000000;4.56414900;
53.0000000;4.45014069;
53.1000000;4.33879396;
53.2000000;4.22968048;
53.3000000;4.04847059;
53.4000000;3.88726118;
53.5000000;3.75676263;
53.6000000;3.63490682;
53.7000000;3.53327453;
53.8000000;3.45095237;
53.9000000;3.36824841;
54.0000000;3.28219721;
54.1000000;3.20957974;
54.2000000;3.14404937;
54.3000000;3.06263344;
54.4000000;2.99373308;
54.5000000;2.91517768;
54.6000000;2.83631752;
54.7000000;2.77241719;
54.8000000;2.72065793;
54.9000000;2.69217124;
55.0000000;2.75251871;
55.1000000;2.85654015;
55.2000000;2.94743266;
55.3000000;3.03339442;
55.4000000;3.10304948;
55.5000000;3.15943572;
55.6000000;3.18913501;
55.7000000;3.21019936;
55.8000000;3.22726148;
55.9000000;3.24106918;
56.0000000;3.25226603;
56.1000000;3.26133549;
56.2000000;3.26867730;
56.3000000;3.25866878;
56.4000000;3.24752171;
56.5000000;3.19065971;
56.6000000;3.13545147;
56.7000000;3.09071569;
56.8000000;3.05447971;
56.9000000;3.00265336;
57.0000000;2.94514922;
57.1000000;2.89857087;
57.2000000;2.86086502;
57.3000000;2.86211824;
57.4000000;2.86931577;
57.5000000;2.87514229;
57.6000000;2.89574977;
57.7000000;2.93144331;
57.8000000;2.98589508;
57.9000000;3.05204057;
58.0000000;3.11815286;
58.1000000;3.17822382;
58.2000000;3.23932501;
58.3000000;3.28883748;
58.4000000;3.32895836;
58.5000000;3.36145627;
58.6000000;3.38775557;
58.7000000;3.40908202;
58.8000000;3.42635643;
58.9000000;3.44033595;
59.0000000;3.45167212;
59.1000000;3.46085442;
59.2000000;3.46828771;
59.3000000;3.47431109;
59.4000000;3.48563199;
59.5000000;3.50734918;
59.6000000;3.54072511;
59.7000000;3.57098734;
59.8000000;3.57972174;
59.9000000;3.58357110;
60.0000000;3.57389259;
60.1000000;3.54085300;
60.2000000;3.49835800;
60.3000000;3.45430238;
60.4000000;3.39960493;
60.5000000;3.33634574;
60.6000000;3.24401719;
60.7000000;3.13429392;
60.8000000;3.02641808;
60.9000000;2.92014971;
61.0000000;2.76152327;
61.1000000;2.59149385;
61.2000000;2.31563975;
61.3000000;2.05943176;
61.4000000;1.75742773;
61.5000000;1.43970230;
61.6000000;1.05656079;
61.7000000;0.72281424;
61.8000000;0.45247953;
61.9000000;0.23370768;
62.0000000;0.05630322;
0.0000000;-0.08739439;
62.2000000;-0.21936381;
62.3000000;-0.32964723;
62.4000000;-0.44090826;
62.5000000;-0.55332283;
62.6000000;-0.65715604;
62.7000000;-0.74129640;
62.8000000;-0.80945008;
62.9000000;-0.84900636;
63.0000000;-0.87769515;
63.1000000;-0.90093307;
63.2000000;-0.88857151;
63.3000000;-0.87174873;
63.4000000;-0.85811647;
63.5000000;-0.84708055;
63.6000000;-0.83813835;
63.7000000;-0.82471206;
63.8000000;-0.80101677;
63.9000000;-0.78184103;
64.0000000;-0.73520323;
64.1000000;-0.68435462;
64.2000000;-0.63037633;
64.3000000;-0.58660483;
64.4000000;-0.55114991;
64.5000000;-0.52244741;
64.6000000;-0.51469859;
64.7000000;-0.51190586;
64.8000000;-0.50964374;
64.9000000;-0.50781310;
65.0000000;-0.50632861;
65.1000000;-0.50512617;
65.2000000;-0.50415308;
65.3000000;-0.50336400;
65.4000000;-0.50272484;
65.5000000;-0.50220740;
65.6000000;-0.50178815;
65.7000000;-0.50144840;
65.8000000;-0.51662720;
65.9000000;-0.51701766;
66.0000000;-0.51378430;
66.1000000;-0.51116528;
66.2000000;-0.50904581;
66.3000000;-0.50732710;
66.4000000;-0.50593495;
66.5000000;-0.49879994;
66.6000000;-0.48003475;
66.7000000;-0.41862815;
66.8000000;-0.34268880;
66.9000000;-0.27763699;
67.0000000;-0.22488596;
67.1000000;-0.18215763;
67.2000000;-0.14757906;
67.3000000;-0.11953904;
67.4000000;-0.09682662;
67.5000000;-0.07843949;
67.6000000;-0.06354146;
67.7000000;-0.05146858;
67.8000000;-0.04168955;
67.9000000;-0.03377572;
68.0000000;-0.02735833;
68.1000000;-0.02216025;
68.2000000;-0.01795206;
68.3000000;-0.01454243;
68.4000000;-0.01177937;
68.5000000;-0.00954248;
68.6000000;-0.00773009;
68.7000000;-0.00626137;
68.8000000;-0.00507171;
68.9000000;-0.00410896;
69.0000000;-0.00332826;
69.1000000;-0.00269589;
69.2000000;-0.00218394;
69.3000000;-0.00176915;
69.4000000;-0.00143301;
69.5000000;-0.00116088;
69.6000000;-9.40397081E-04;
69.7000000;-7.61721636E-04;
69.8000000;-6.17070629E-04;
69.9000000;-4.99871695E-04;
70.0000000;-4.04896073E-04;
70.1000000;-3.27965819E-04;
70.2000000;-2.65708715E-04;
70.3000000;-2.15224059E-04;
70.4000000;-1.74331488E-04;
70.5000000;-1.41225796E-04;
70.6000000;-1.14403168E-04;
70.7000000;-9.26665664E-05;
70.8000000;-7.50599188E-05;
70.9000000;-6.08114371E-05;
71.0000000;-4.92572641E-05;
71.1000000;-3.98983839E-05;
71.2000000;-3.23245481E-05;
71.3000000;-2.61828840E-05;
71.4000000;-2.12081360E-05;
71.5000000;-1.71806705E-05;
71.6000000;-1.39176098E-05;
71.7000000;-1.12732639E-05;
71.8000000;-9.13134380E-06;
71.9000000;-7.39795717E-06;
72.0000000;-5.99234531E-06;
0.0000000;-4.85379970E-06;
72.2000000;-3.93205033E-06;
72.3000000;-3.18525325E-06;
72.4000000;-2.58005513E-06;
72.5000000;-2.09009492E-06;
72.6000000;-1.69313304E-06;
72.7000000;-1.37143776E-06;
72.8000000;-1.11086459E-06;
72.9000000;-8.99991033E-07;
73.0000000;-7.28992736E-07;
73.1000000;-5.90484117E-07;
73.2000000;-4.78393489E-07;
73.3000000;-3.87498726E-07;
73.4000000;-3.13873968E-07;
73.5000000;-2.54268018E-07;
73.6000000;-2.05976340E-07;
73.7000000;-1.66840836E-07;
73.8000000;-1.35141077E-07;
73.9000000;-1.09487459E-07;
74.0000000;-8.86848417E-08;
74.1000000;-7.18347218E-08;
74.2000000;-5.81984470E-08;
74.3000000;-4.71407421E-08;
74.4000000;-3.81840011E-08;
74.5000000;-3.09326616E-08;
74.6000000;-2.50578275E-08;
74.7000000;-2.02968403E-08;
74.8000000;-1.64404406E-08;
74.9000000;-1.33195758E-08;
75.0000000;-1.07888564E-08;
75.1000000;-8.73897372E-09;
75.2000000;-7.08006682E-09;
75.3000000;-5.73485412E-09;
75.4000000;-4.64523184E-09;
75.5000000;-3.76307321E-09;
75.6000000;-3.04838150E-09;
75.7000000;-2.46918901E-09;
75.8000000;-2.00027366E-09;
75.9000000;-1.62037763E-09;
76.0000000;-1.31250588E-09;
76.1000000;-1.06312976E-09;
76.2000000;-8.61317244E-10;
76.3000000;-6.97666967E-10;
76.4000000;-5.65110244E-10;
76.5000000;-4.57791655E-10;
76.6000000;-3.70847234E-10;
76.7000000;-3.00386260E-10;
76.8000000;0.09050000;
76.9000000;0.22518350;
77.0000000;0.33439863;
77.1000000;0.42286289;
77.2000000;0.49445437;
77.3000000;0.55250804;
77.4000000;0.61971551;
77.5000000;0.70674912;
77.6000000;0.76128948;
77.7000000;0.79298448;
77.8000000;0.83231743;
77.9000000;0.86946842;
78.0000000;0.92805742;
78.1000000;0.98504651;
78.2000000;1.04485906;
78.3000000;1.10808537;
78.4000000;1.16354915;
78.5000000;1.20845341;
78.6000000;1.24483183;
78.7000000;1.27431378;
78.8000000;1.30875416;
78.9000000;1.36404106;
79.0000000;1.40887326;
79.1000000;1.44518734;
79.2000000;1.47457527;
79.3000000;-20.01312197;
79.4000000;-20.04862880;
79.8000000;1.60235107;
79.9000000;1.60710477;
80.0000000;1.62475486;
80.1000000;1.65373144;
80.2000000;1.71082147;
80.3000000;1.76576539;
80.4000000;1.81544997;
80.5000000;1.86948934;
80.6000000;1.91326734;
80.7000000;1.94874655;
80.8000000;1.96284070;
80.9000000;1.97503462;
81.0000000;1.98415204;
81.1000000;1.98716316;
81.2000000;1.97499196;
81.3000000;1.96074349;
81.4000000;1.92947423;
81.5000000;1.88589415;
81.6000000;1.83089978;
81.7000000;1.73884882;
81.8000000;1.65546754;
81.9000000;-20.08798939;
82.0000000;-20.03327141;
0.0000000;1.48894984;
82.2000000;1.44802162;
82.3000000;1.40089751;
82.4000000;1.36272698;
82.5000000;1.33182288;
82.6000000;1.30678767;
82.7000000;1.28649801;
82.8000000;1.28459939;
82.9000000;1.30204088;
83.0000000;1.32065311;
83.1000000;1.34074902;
83.2000000;1.38547954;
83.3000000;1.43123843;
83.4000000;1.48230313;
83.5000000;-20.02364701;
83.6000000;-20.06211901;
83.7000000;1.69964640;
83.8000000;1.92955358;
83.9000000;2.41611866;
84.0000000;3.04593611;
84.1000000;4.08063225;
84.2000000;5.45113246;
84.3000000;7.55668929;
84.4000000;9.55731833;
84.5000000;11.3965532;
84.6000000;13.0638842;
84.7000000;14.6505942;
84.8000000;16.1444173;
84.9000000;17.4837758;
85.0000000;18.7139584;
85.1000000;19.7612063;
85.2000000;20.6423240;
85.3000000;21.4564584;
85.4000000;22.3312193;
85.5000000;23.2190160;
85.6000000;24.0329632;
85.7000000;24.8589822;
85.8000000;25.7035056;
85.9000000;26.5487211;
86.0000000;27.5196441;
86.1000000;28.4091077;
86.2000000;29.1722090;
86.3000000;29.9473200;
86.4000000;30.6557892;
86.5000000;31.3770394;
86.6000000;32.1276284;
86.7000000;32.8968190;
86.8000000;33.5959834;
86.9000000;34.2280634;
87.0000000;34.8643233;
87.1000000;35.4602659;
87.2000000;36.0759303;
87.3000000;36.7119679;
87.4000000;37.3940460;
87.5000000;38.1026283;
87.6000000;38.7051184;
87.7000000;39.2552099;
87.8000000;39.7858826;
87.9000000;40.4104558;
88.0000000;41.0639572;
88.1000000;41.6218053;
88.2000000;42.0732580;
88.3000000;42.4346389;
88.4000000;42.7130575;
88.5000000;42.9100389;
88.6000000;43.0460202;
88.7000000;43.1132763;
88.8000000;43.1630738;
88.9000000;43.1797465;
89.0000000;43.1504007;
89.1000000;43.1218246;
89.2000000;43.0986986;
89.3000000;43.0799459;
89.4000000;43.0647562;
89.5000000;43.0524576;
89.6000000;43.0424954;
89.7000000;43.0344213;
89.8000000;43.0278812;
89.9000000;43.0225885;
90.0000000;43.0182967;
90.1000000;43.0148203;
90.2000000;42.9978739;
90.3000000;42.9792868;
90.4000000;42.9829243;
90.5000000;43.0051596;
90.6000000;43.0231706;
90.7000000;43.0377682;
90.8000000;43.0495874;
90.9000000;43.0591611;
91.0000000;43.0573745;
91.1000000;43.0513874;
91.2000000;43.0230445;
91.3000000;42.9947340;
91.4000000;42.9908026;
91.5000000;42.9734516;
91.6000000;42.9644433;
91.7000000;42.9662491;
91.8000000;42.9771502;
91.9000000;42.9909282;
92.0000000;43.0071718;
0.0000000;43.0058092;
92.2000000;43.0047064;
92.3000000;42.9942582;
92.4000000;42.9908891;
92.5000000;42.9736271;
92.6000000;42.9596448;
92.7000000;42.9483123;
92.8000000;42.9391330;
92.9000000;42.9317044;
93.0000000;42.9536365;
93.1000000;42.9534896;
93.2000000;42.9712556;
93.3000000;42.9869171;
93.4000000;42.9704028;
93.5000000;42.9761533;
93.6000000;42.9616914;
93.7000000;42.9455900;
93.8000000;42.9179387;
93.9000000;42.8911816;
94.0000000;42.8548571;
94.1000000;42.8210742;
94.2000000;42.7330496;
94.3000000;42.6317702;
94.4000000;42.5453938;
94.5000000;42.4382408;
94.6000000;42.3127163;
94.7000000;42.1503162;
94.8000000;41.9663152;
94.9000000;41.7646384;
95.0000000;-20.0631871;
95.1000000;41.3758815;
95.2000000;41.2010523;
95.3000000;41.0298524;
95.4000000;40.8730484;
95.5000000;40.7176822;
95.6000000;40.5581418;
95.7000000;40.4002609;
95.8000000;40.2534354;
95.9000000;40.1251062;
96.0000000;40.0063360;
96.1000000;39.8793562;
96.2000000;39.7124273;
96.3000000;39.5770661;
96.4000000;39.4674235;
96.5000000;39.3510655;
96.6000000;39.2050770;
96.7000000;39.0225524;
96.8000000;38.7638874;
96.9000000;38.4786775;
97.0000000;38.1839667;
97.1000000;37.9220711;
97.2000000;37.6900842;
97.3000000;37.4882242;
97.4000000;37.3057176;
97.5000000;37.1526878;
97.6000000;37.0150156;
97.7000000;36.8844367;
97.8000000;36.7418017;
97.9000000;36.5187367;
98.0000000;36.2883488;
98.1000000;36.0267305;
98.2000000;35.7856590;
98.3000000;35.5343938;
98.4000000;35.2671689;
98.5000000;35.0413957;
98.6000000;34.8395545;
98.7000000;34.6569591;
98.8000000;34.4900569;
98.9000000;34.3127715;
99.0000000;34.1542849;
99.1000000;33.9836628;
99.2000000;33.8308592;
99.3000000;33.6783599;
99.4000000;33.5100795;
99.5000000;33.3046044;
99.6000000;33.1151827;
99.7000000;32.9276800;
99.8000000;32.7664008;
99.9000000;32.6129140;
100.000000;32.4584604;
100.100000;32.3333529;
100.200000;32.2185238;
100.300000;32.1024423;
100.400000;31.9879783;
100.500000;31.8737761;
100.600000;31.7418672;
100.700000;31.6199124;
100.800000;-20.0036051;
100.900000;31.3890219;
101.000000;31.2746818;
101.100000;31.1425522;
101.200000;31.0069710;
101.300000;30.8742606;
101.400000;30.7422311;
101.500000;30.6028164;
101.600000;30.4693534;
101.700000;30.3476663;
101.800000;30.2397534;
101.900000;30.1372558;
102.000000;30.0406852;
102.100000;29.9434630;
102.200000;29.8457490;
102.300000;29.4375107;
102.400000;28.6643297;
102.500000;27.9007416;
102.600000;27.1271384;
102.700000;26.2949341;
102.800000;25.5664770;
102.900000;24.8482997;
103.000000;24.0913168;
103.100000;23.2082046;
103.200000;22.3976977;
103.300000;21.6184151;
103.400000;20.8526562;
103.500000;20.0508116;
103.600000;19.2892218;
103.700000;18.5940677;
103.800000;17.8522328;
103.900000;17.1719610;
104.000000;16.4967044;
104.100000;15.6679146;
104.200000;14.8502492;
104.300000;14.1091239;
104.400000;13.4442843;
104.500000;12.8583367;
104.600000;12.2226305;
104.700000;11.4890347;
104.800000;10.7202461;
104.900000;9.87367264;
105.000000;9.01872484;
105.100000;8.06244712;
105.200000;6.92057551;
105.300000;5.82722788;
105.400000;4.83465458;
105.500000;3.93370580;
105.600000;3.16773093;
105.700000;2.54686205;
105.800000;2.04412084;
105.900000;1.64060671;
106.000000;1.32889143;
106.100000;1.07640206;
106.200000;0.87195141;
106.300000;0.70637397;
106.400000;0.57216292;
106.500000;0.46348671;
106.600000;0.36223399;
106.700000;0.26116953;
106.800000;0.17354732;
106.900000;0.10263610;
107.000000;0.04513524;
107.100000;0.01536155;
107.200000;0.01244543;
107.300000;0.01008080;
107.400000;0.00816545;
107.500000;0.00661450;
107.600000;0.00535846;
107.700000;0.00434035;
107.800000;0.00351569;
107.900000;0.00284830;
108.000000;0.00230712;
108.100000;0.00186877;
108.200000;0.00151402;
108.300000;0.00122635;
108.400000;9.93345698E-04;
108.500000;8.04668265E-04;
108.600000;6.51869187E-04;
108.700000;5.28014041E-04;
108.800000;4.27691374E-04;
108.900000;3.46501797E-04;
109.000000;2.80666455E-04;
109.100000;2.27339829E-04;
109.200000;1.84158435E-04;
109.300000;1.49188562E-04;
109.400000;1.20842736E-04;
109.500000;9.78895761E-05;
109.600000;7.93013407E-05;
109.700000;6.42340859E-05;
109.800000;5.20332871E-05;
109.900000;4.21527111E-05;
110.000000;3.41436960E-05;
110.100000;2.76563937E-05;
110.200000;2.24063169E-05;
110.300000;1.81491167E-05;
110.400000;1.47007845E-05;
110.500000;1.19084669E-05;
110.600000;9.64718126E-06;
110.700000;7.81421682E-06;
110.800000;6.32951563E-06;
110.900000;5.12796869E-06;
111.000000;4.15365464E-06;
111.100000;3.36446026E-06;
111.200000;2.72577668E-06;
111.300000;2.20787911E-06;
111.400000;1.78838208E-06;
111.500000;1.44888915E-06;
111.600000;1.17360021E-06;
111.700000;9.50616174E-07;
111.800000;7.69999101E-07;
111.900000;6.23828268E-07;
112.000000;5.05300897E-07;
0.000000;4.09293727E-07;
112.200000;3.31596473E-07;
112.300000;2.68593143E-07;
112.400000;2.17560446E-07;
112.500000;1.76235814E-07;
112.600000;1.42770919E-07;
112.700000;1.15644444E-07;
112.800000;0.13556896;
112.900000;0.44731428;
113.000000;0.78354456;
113.100000;1.16190310;
113.200000;1.77866688;
113.300000;2.38773697;
113.400000;2.94426695;
113.500000;3.53298047;
113.600000;4.20867023;
113.700000;5.01277689;
113.800000;5.78616749;
113.900000;6.50810577;
114.000000;7.21009767;
114.100000;7.81950311;
114.200000;8.45269166;
114.300000;9.05382024;
114.400000;9.59507239;
114.500000;10.0966111;
114.600000;10.5689070;
114.700000;11.0056707;
114.800000;11.4385693;
114.900000;11.8647697;
115.000000;12.2452534;
115.100000;12.5627553;
115.200000;12.8668435;
115.300000;13.2336232;
115.400000;13.6293148;
115.500000;13.9911870;
115.600000;14.3027952;
115.700000;14.5872641;
115.800000;14.8431919;
115.900000;15.0627921;
116.000000;15.2566376;
116.100000;15.4643885;
116.200000;15.6640016;
116.300000;15.8575793;
116.400000;16.1129473;
116.500000;16.3828476;
116.600000;16.6139646;
116.700000;16.8267113;
116.800000;17.0116361;
116.900000;17.1553336;
117.000000;17.2398202;
117.100000;17.2955724;
117.200000;17.3344035;
117.300000;17.3531834;
117.400000;17.3464545;
117.500000;17.3059767;
117.600000;17.2512794;
117.700000;17.1660103;
117.800000;17.0458553;
117.900000;16.9422072;
118.000000;16.8523478;
118.100000;16.7474017;
118.200000;16.6595030;
118.300000;16.5722518;
118.400000;16.4889139;
118.500000;16.4121448;
118.600000;16.3338862;
118.700000;16.2200798;
118.800000;16.0867926;
118.900000;15.9535566;
119.000000;15.8293808;
119.100000;15.7413725;
119.200000;15.6765686;
119.300000;15.6297006;
119.400000;15.6366135;
119.500000;15.6514883;
119.600000;15.6922257;
119.700000;15.7373429;
119.800000;15.8940137;
119.900000;16.0716001;
120.000000;16.2786361;
120.100000;16.5042152;
120.200000;16.7057504;
120.300000;16.8881598;
120.400000;17.0729734;
120.500000;17.2805580;
120.600000;17.4579013;
120.700000;17.6179000;
120.800000;17.7474990;
120.900000;17.8523822;
121.000000;17.9374296;
121.100000;17.9938519;
121.200000;18.0330107;
121.300000;18.0647184;
121.400000;18.0904219;
121.500000;18.1112368;
121.600000;18.1280911;
121.700000;18.1293238;
121.800000;18.1264482;
121.900000;18.1377341;
122.000000;18.1305646;
0.000000;18.1220773;
122.200000;18.0989030;
122.300000;18.0925054;
122.400000;18.0965894;
122.500000;18.1312767;
122.600000;18.1946773;
122.700000;18.2553286;
122.800000;18.3331922;
122.900000;18.4028246;
123.000000;18.4645280;
123.100000;18.5472676;
123.200000;18.6142281;
123.300000;18.6685248;
123.400000;18.7222451;
123.500000;18.7560108;
123.600000;18.7859310;
123.700000;18.8142821;
123.800000;18.8305685;
123.900000;18.8437490;
124.000000;18.8667407;
124.100000;18.8920599;
124.200000;18.9176306;
124.300000;18.9763608;
124.400000;19.0691382;
124.500000;19.1534504;
124.600000;19.2382948;
124.700000;19.3340748;
124.800000;19.4415769;
124.900000;19.5286203;
125.000000;19.5991824;
125.100000;19.6563378;
125.200000;19.7050731;
125.300000;19.7611092;
125.400000;19.8089785;
125.500000;19.8446079;
125.600000;19.8196105;
125.700000;19.8158845;
125.800000;19.8128671;
125.900000;19.8104239;
126.000000;19.8084434;
126.100000;19.8092792;
126.200000;19.8265010;
126.300000;19.8428858;
126.400000;19.8727375;
126.500000;19.8969123;
126.600000;19.9188860;
126.700000;19.9532976;
126.800000;19.9811711;
126.900000;20.0013489;
127.000000;20.0132346;
127.100000;20.0297200;
127.200000;20.0309375;
127.300000;20.0348234;
127.400000;20.0282070;
127.500000;20.0205123;
127.600000;20.0022950;
127.700000;20.0208589;
127.800000;20.0358957;
127.900000;20.0480649;
128.000000;20.0579326;
128.100000;20.0636054;
128.200000;20.0538382;
128.300000;20.0603030;
128.400000;20.0344755;
128.500000;19.9997045;
128.600000;19.9617862;
128.700000;19.9310468;
128.800000;19.9061528;
128.900000;19.8859974;
129.000000;19.8696579;
129.100000;19.8564229;
129.200000;19.8457047;
129.300000;19.8370266;
129.400000;19.8299916;
129.500000;19.8242932;
129.600000;19.8196815;
129.700000;19.8137220;
129.800000;19.7801168;
129.900000;19.7459245;
130.000000;19.7181988;
130.100000;19.6957410;
130.200000;19.6775661;
130.300000;19.6628285;
130.400000;19.6508911;
130.500000;19.6412236;
130.600000;19.6257725;
130.700000;19.6594437;
130.800000;19.6649894;
130.900000;19.6526522;
131.000000;19.6426483;
131.100000;19.6324051;
131.200000;19.5953307;
131.300000;19.5582433;
131.400000;19.5281770;
131.500000;19.5038279;
131.600000;19.4841141;
131.700000;19.4583425;
131.800000;19.4472574;
131.900000;19.4522383;
132.000000;19.4803130;
0.000000;19.5030536;
132.200000;19.5214700;
132.300000;19.5363804;
132.400000;19.5484682;
132.500000;19.5602965;
132.600000;19.6084675;
132.700000;19.6309826;
132.800000;19.6389719;
132.900000;19.6833786;
133.000000;19.7415167;
133.100000;19.7736485;
133.200000;19.8166179;
133.300000;19.8494605;
133.400000;19.8728630;
133.500000;19.9160190;
133.600000;19.9745090;
133.700000;20.0363523;
133.800000;20.0864367;
133.900000;20.1289454;
134.000000;20.1804458;
134.100000;20.2221611;
134.200000;20.2559447;
134.300000;20.2931021;
134.400000;20.3134127;
134.500000;20.3298615;
134.600000;20.3431785;
134.700000;20.3539746;
134.800000;20.3627179;
134.900000;20.3463524;
135.000000;20.2935550;
135.100000;20.1237796;
135.200000;19.9611170;
135.300000;19.7956247;
135.400000;19.6444560;
135.500000;19.4752414;
135.600000;19.3557860;
135.700000;19.2788867;
135.800000;19.1192242;
135.900000;18.9673543;
136.000000;18.7890610;
136.100000;18.5735154;
136.200000;18.3562274;
136.300000;18.1519360;
136.400000;17.9331502;
136.500000;17.6100832;
136.600000;17.3043848;
136.700000;17.0547517;
136.800000;16.8281489;
136.900000;16.5671197;
137.000000;16.2693669;
137.100000;16.0246272;
137.200000;15.7919839;
137.300000;15.5555455;
137.400000;15.3134719;
137.500000;15.0696100;
137.600000;14.8475431;
137.700000;14.6524639;
137.800000;14.4524958;
137.900000;14.2773941;
138.000000;14.1239572;
138.100000;14.0244054;
138.200000;13.9437804;
138.300000;13.8785090;
138.400000;13.8405223;
138.500000;13.8633531;
138.600000;13.9075255;
138.700000;14.0234556;
138.800000;14.1536791;
138.900000;14.2763735;
139.000000;14.3775226;
139.100000;14.4767933;
139.200000;14.5670253;
139.300000;14.6417208;
139.400000;14.7114338;
139.500000;14.7852509;
139.600000;14.8450099;
139.700000;14.8934580;
139.800000;14.9375610;
139.900000;15.0253483;
140.000000;15.1095721;
140.100000;15.2043534;
140.200000;15.2886729;
140.300000;15.3569261;
140.400000;15.4122682;
140.500000;15.4555152;
140.600000;15.4829435;
140.700000;15.4953403;
140.800000;15.5038217;
140.900000;15.4917101;
141.000000;15.4712052;
141.100000;15.4196762;
141.200000;15.3582507;
141.300000;15.3251651;
141.400000;15.2762717;
141.500000;15.2504121;
141.600000;15.2233585;
141.700000;15.2204204;
141.800000;15.2468905;
141.900000;15.2872882;
142.000000;15.3503674;
0.000000;15.4167976;
142.200000;15.4705595;
142.300000;15.5141532;
142.400000;15.5480041;
142.500000;15.5578821;
142.600000;15.5545826;
142.700000;15.5442119;
142.800000;15.5471076;
142.900000;15.5585685;
143.000000;15.5854405;
143.100000;15.6072068;
143.200000;15.6248353;
143.300000;15.6391060;
143.400000;15.6619359;
143.500000;15.6881649;
143.600000;15.7403638;
143.700000;15.7904186;
143.800000;15.8211011;
143.900000;15.8347189;
144.000000;15.8281223;
144.100000;15.8227791;
144.200000;15.8072300;
144.300000;15.7967375;
144.400000;15.7783574;
144.500000;15.7733355;
144.600000;15.7706018;
144.700000;15.7761875;
144.800000;15.7807118;
144.900000;15.7843734;
145.000000;15.7860425;
145.100000;15.7795644;
145.200000;15.7644602;
145.300000;15.7633648;
145.400000;15.7703255;
145.500000;15.7759636;
145.600000;15.7817866;
145.700000;15.8042471;
145.800000;15.8224402;
145.900000;15.8371638;
146.000000;15.8589787;
146.100000;15.8791287;
146.200000;15.9223273;
146.300000;15.9750452;
146.400000;16.0177866;
146.500000;16.0524035;
146.600000;16.0804256;
146.700000;16.1031447;
146.800000;16.1215472;
146.900000;16.1364517;
147.000000;16.1473367;
147.100000;16.1482247;
147.200000;16.1169432;
147.300000;16.0536674;
147.400000;15.9864706;
147.500000;15.8989092;
147.600000;15.7908922;
147.700000;15.6485967;
147.800000;15.5120573;
147.900000;15.3457715;
148.000000;15.1608189;
148.100000;14.9471353;
148.200000;14.7373612;
148.300000;14.5460725;
148.400000;14.3352288;
148.500000;14.1374353;
148.600000;13.9594761;
148.700000;13.8151757;
148.800000;13.6972123;
148.900000;13.5838398;
149.000000;13.4876702;
149.100000;13.3380129;
149.200000;13.2168015;
149.300000;13.1634689;
149.400000;13.1714498;
149.500000;13.1948342;
149.600000;13.1978550;
149.700000;13.2372825;
149.800000;13.3011768;
149.900000;13.4158552;
150.000000;13.5268427;
150.100000;13.6177426;
150.200000;13.7212598;
150.300000;13.8311352;
150.400000;13.9429635;
150.500000;14.0905445;
150.600000;14.2461286;
150.700000;14.4419162;
150.800000;14.6429521;
150.900000;14.8381890;
151.000000;15.0237531;
151.100000;15.2301200;
151.200000;15.4981902;
151.300000;15.7645341;
151.400000;15.9802726;
151.500000;16.1550070;
151.600000;16.2946451;
151.700000;16.3716625;
151.800000;16.4340466;
151.900000;16.4737423;
152.000000;16.4968513;
0.000000;16.4866575;
152.200000;16.4701938;
152.300000;16.4568675;
152.400000;16.4460626;
152.500000;16.4373114;
152.600000;16.4293878;
152.700000;16.3923681;
152.800000;16.3070622;
152.900000;16.2289669;
153.000000;16.1259872;
153.100000;16.0260496;
153.200000;15.9443698;
153.300000;15.8484195;
153.400000;15.7442198;
153.500000;15.6598180;
153.600000;15.5808094;
153.700000;15.4977536;
153.800000;15.3999964;
153.900000;15.2647271;
154.000000;15.1277449;
154.100000;14.9871054;
154.200000;14.8460015;
154.300000;14.7118552;
154.400000;14.5644567;
154.500000;14.4002204;
154.600000;14.2665643;
154.700000;14.1186211;
154.800000;13.9707263;
154.900000;13.8244050;
155.000000;13.6951380;
155.100000;13.5714318;
155.200000;13.4522375;
155.300000;13.3042682;
155.400000;13.1317772;
155.500000;12.9737488;
155.600000;12.8451789;
155.700000;12.7225949;
155.800000;12.6226419;
155.900000;12.5128492;
156.000000;12.4041918;
156.100000;12.2887554;
156.200000;12.1763679;
156.300000;12.0556800;
156.400000;11.9311008;
156.500000;11.7978976;
156.600000;11.6464271;
156.700000;-20.0124660;
156.800000;11.3758974;
156.900000;11.2180814;
157.000000;11.0816459;
157.100000;10.9705532;
157.200000;10.8622411;
157.300000;10.7738553;
157.400000;10.6622548;
157.500000;10.5364324;
157.600000;10.4241067;
157.700000;10.3140405;
157.800000;10.2163728;
157.900000;10.1268618;
158.000000;10.0352900;
158.100000;9.94107692;
158.200000;9.80829170;
158.300000;9.67382563;
158.400000;9.56429876;
158.500000;9.45608858;
158.600000;9.32110124;
158.700000;9.19218000;
158.800000;9.06066580;
158.900000;8.94381656;
159.000000;8.84003142;
159.100000;8.73742545;
159.200000;8.64390471;
159.300000;8.55919174;
159.400000;8.47150531;
159.500000;8.38148355;
159.600000;8.29007658;
159.700000;8.19478603;
159.800000;8.08135668;
159.900000;7.97099349;
160.000000;7.87114473;
160.100000;7.77126723;
160.200000;7.67097103;
160.300000;7.55223370;
160.400000;7.44654929;
160.500000;7.31336760;
160.600000;7.19692372;
160.700000;7.09182421;
160.800000;6.95836961;
160.900000;6.81372268;
161.000000;6.65911537;
161.100000;6.53388345;
161.200000;6.42214315;
161.300000;6.31272995;
161.400000;6.21467126;
161.500000;6.09756372;
161.600000;5.98382373;
161.700000;5.87259722;
161.800000;5.76350375;
161.900000;5.64599760;
162.000000;5.51300605;
0.000000;5.38628290;
162.200000;5.27489181;
162.300000;5.18447736;
162.400000;5.09242666;
162.500000;4.97692960;
162.600000;4.83820692;
162.700000;4.70649161;
162.800000;4.57225820;
162.900000;4.45331580;
163.000000;4.33807550;
163.100000;4.22564315;
163.200000;4.11547630;
163.300000;3.99833580;
163.400000;3.88445200;
163.500000;3.75304612;
163.600000;3.61891136;
163.700000;3.50131820;
163.800000;3.40606921;
163.900000;3.32898077;
164.000000;3.26647443;
164.100000;3.21584429;
164.200000;3.18497814;
164.300000;3.16898586;
164.400000;3.17501855;
164.500000;3.21896075;
164.600000;3.27247821;
164.700000;3.35492335;
164.800000;3.44971591;
164.900000;3.56437064;
165.000000;3.68534021;
165.100000;3.82152557;
165.200000;4.00727704;
165.300000;4.15789441;
165.400000;4.27989447;
165.500000;4.37871452;
165.600000;4.45863046;
165.700000;4.46421467;
165.800000;4.41389438;
165.900000;4.33532114;
166.000000;4.26153412;
166.100000;4.17380264;
166.200000;4.08383692;
166.300000;3.99190791;
166.400000;3.91744541;
166.500000;3.83707499;
166.600000;3.73511759;
166.700000;3.65244525;
166.800000;3.56648065;
166.900000;3.49691516;
167.000000;3.44950339;
167.100000;3.41207775;
167.200000;3.39080306;
167.300000;3.37355055;
167.400000;3.35957594;
167.500000;3.34825651;
167.600000;3.33909646;
167.700000;3.34160813;
167.800000;3.36264259;
167.900000;3.40764413;
168.000000;3.44419147;
168.100000;3.47379509;
168.200000;3.51670202;
168.300000;3.56139567;
168.400000;3.66346050;
168.500000;3.74640300;
168.600000;3.81352285;
168.700000;3.86795351;
168.800000;3.92192234;
168.900000;3.99358206;
169.000000;4.06166070;
169.100000;4.12594517;
169.200000;4.17796712;
169.300000;4.22015273;
169.400000;4.25432371;
169.500000;4.28200221;
169.600000;4.32323929;
169.700000;4.36664325;
169.800000;4.42080104;
169.900000;4.51300128;
170.000000;4.65314893;
170.100000;4.87015064;
170.200000;5.20796202;
170.300000;5.58612930;
170.400000;5.95012673;
170.500000;6.27338265;
170.600000;6.56296779;
170.700000;6.82654791;
170.800000;7.13439980;
170.900000;7.42314384;
171.000000;7.73319934;
171.100000;8.15465546;
171.200000;8.65729492;
171.300000;9.16864442;
171.400000;9.67756598;
171.500000;10.1091422;
171.600000;10.4968363;
171.700000;10.8301283;
171.800000;11.0906739;
171.900000;11.3012532;
172.000000;11.4720099;
0.000000;11.6103280;
172.200000;11.7222635;
172.300000;11.7943366;
172.400000;11.8524126;
172.500000;11.8807602;
172.600000;11.8937544;
172.700000;11.8853011;
172.800000;11.8690939;
172.900000;11.8373204;
173.000000;11.7919895;
173.100000;11.6986135;
173.200000;-20.0942570;
173.300000;11.4812367;
173.400000;11.3612017;
173.500000;11.2449734;
173.600000;11.1229041;
173.700000;11.0139723;
173.800000;10.9163176;
173.900000;10.8468494;
174.000000;10.7909060;
174.100000;10.7546339;
174.200000;10.7252798;
174.300000;10.7014777;
174.400000;10.6821969;
174.500000;10.6570395;
174.600000;10.5900941;
174.700000;10.5349763;
174.800000;10.4903308;
174.900000;10.4542003;
175.000000;10.4154036;
175.100000;10.3744769;
175.200000;10.3413263;
175.300000;10.3144996;
175.400000;10.2742127;
175.500000;10.2501643;
175.600000;10.2401739;
175.700000;10.2325409;
175.800000;10.2358181;
175.900000;10.2664988;
176.000000;10.2918627;
176.100000;10.3218488;
176.200000;10.3930735;
176.300000;10.4797368;
176.400000;10.5501668;
176.500000;10.6161131;
176.600000;10.6700008;
176.700000;10.7137007;
176.800000;10.7675575;
176.900000;10.8301257;
177.000000;10.9001589;
177.100000;10.9948887;
177.200000;11.1829010;
177.300000;11.3934125;
177.400000;-20.0656641;
177.500000;11.7420360;
177.600000;11.9043298;
177.700000;12.0917169;
177.800000;12.2452907;
177.900000;12.4066084;
178.000000;12.6495351;
178.100000;12.8865115;
178.200000;13.1156484;
178.300000;13.3119629;
178.400000;13.4716200;
178.500000;13.6100122;
178.600000;13.7312845;
178.700000;13.8393404;
178.800000;13.9452177;
178.900000;14.0408052;
179.000000;14.1923142;
179.100000;14.3360345;
179.200000;14.5355239;
179.300000;14.7454921;
179.400000;14.9268486;
179.500000;15.0737473;
179.600000;15.1926236;
179.700000;15.2890251;
179.800000;15.3671103;
179.900000;15.4303047;
180.000000;15.4815430;
180.100000;15.5230498;
180.200000;15.5658230;
180.300000;15.6285752;
180.400000;15.6801459;
180.500000;15.7310982;
180.600000;15.7821456;
180.700000;15.8235347;
180.800000;15.8753071;
180.900000;15.9179587;
181.000000;15.9708265;
181.100000;16.0333695;
181.200000;16.2296626;
181.300000;16.3950130;
181.400000;16.5471686;
181.500000;16.6894145;
181.600000;16.8053169;
181.700000;16.9083967;
181.800000;17.0009913;
181.900000;17.0767384;
182.000000;17.1381528;
0.000000;17.1969838;
182.200000;17.2545079;
182.300000;17.2829933;
182.400000;17.3233786;
182.500000;17.3478767;
182.600000;17.3487308;
182.700000;17.3394720;
182.800000;17.3319723;
182.900000;17.3168807;
183.000000;17.3036954;
183.100000;17.3029933;
183.200000;17.3114446;
183.300000;17.3463543;
183.400000;17.3936470;
183.500000;17.4328541;
183.600000;17.4826640;
183.700000;17.5239579;
183.800000;17.5574059;
183.900000;17.5844760;
184.000000;17.4987594;
184.100000;17.1655631;
184.200000;16.8683553;
184.300000;16.6273916;
184.400000;16.4321872;
184.500000;16.2109937;
184.600000;16.0190653;
184.700000;15.8545386;
184.800000;15.7111763;
184.900000;15.4423591;
185.000000;15.1873371;
185.100000;14.9358231;
185.200000;14.7022167;
185.300000;14.4929915;
185.400000;14.3233231;
185.500000;14.1858917;
185.600000;14.0746765;
185.700000;13.9665139;
185.800000;13.8150943;
185.900000;13.6612524;
186.000000;13.5180520;
186.100000;13.3816221;
186.200000;13.2712051;
186.300000;13.1905060;
186.400000;13.1532478;
186.500000;13.1241547;
186.600000;13.1272899;
186.700000;13.1411032;
186.800000;13.1610936;
186.900000;13.2141508;
187.000000;13.2772360;
187.100000;13.3743651;
187.200000;13.4551695;
187.300000;13.5564477;
187.400000;13.6407227;
187.500000;13.7268694;
187.600000;13.8064379;
187.700000;13.8812147;
187.800000;13.9417839;
187.900000;13.9908392;
188.000000;14.0305473;
188.100000;14.0627433;
188.200000;14.0888009;
188.300000;14.1099262;
188.400000;14.1270402;
188.500000;14.1496026;
188.600000;14.1781514;
188.700000;14.2013026;
188.800000;14.2200551;
188.900000;14.2352324;
189.000000;14.2297427;
189.100000;14.2062976;
189.200000;14.1861173;
189.300000;14.1697571;
189.400000;14.1478633;
189.500000;14.1197692;
189.600000;14.0970343;
189.700000;14.0785978;
189.800000;14.0636642;
189.900000;14.0515777;
190.000000;14.0240392;
190.100000;13.9918718;
190.200000;13.9554161;
190.300000;13.9259146;
190.400000;13.9019908;
190.500000;13.8826126;
190.600000;13.8846348;
190.700000;13.8875542;
190.800000;13.8899189;
190.900000;13.8918328;
191.000000;13.8842384;
191.100000;13.8872331;
191.200000;13.8896588;
191.300000;13.9092898;
191.400000;13.9265247;
191.500000;13.9490050;
191.600000;13.9776673;
191.700000;14.0009105;
191.800000;14.0197375;
191.900000;14.0349753;
192.000000;14.0473283;
0.000000;13.9627119;
192.200000;13.7916846;
192.300000;13.6414047;
192.400000;13.5019238;
192.500000;13.3792051;
192.600000;13.2431142;
192.700000;13.1209402;
192.800000;13.0135216;
192.900000;12.8739133;
193.000000;12.6551601;
193.100000;12.4385237;
193.200000;12.2427808;
193.300000;12.0574763;
193.400000;11.8495958;
193.500000;11.6355726;
193.600000;11.3529746;
193.700000;11.0046074;
193.800000;10.6913520;
193.900000;10.4270351;
194.000000;10.1871813;
194.100000;9.98061688;
194.200000;9.81329968;
194.300000;9.66955883;
194.400000;9.53400266;
194.500000;9.39686215;
194.600000;9.25626151;
194.700000;9.04582782;
194.800000;8.59245653;
194.900000;8.17772375;
195.000000;7.66704952;
195.100000;7.17254011;
195.200000;6.73433689;
195.300000;6.31451553;
195.400000;5.95319758;
195.500000;5.63081004;
195.600000;5.32616885;
195.700000;5.01050277;
195.800000;4.70763924;
195.900000;4.43376270;
196.000000;4.19934778;
196.100000;3.99205571;
196.200000;3.82269463;
196.300000;3.68540532;
196.400000;3.57417831;
196.500000;3.46668643;
196.600000;3.37809838;
196.700000;3.34101969;
196.800000;3.31422595;
196.900000;3.30890678;
197.000000;3.32621157;
197.100000;3.45976137;
197.200000;3.83358110;
197.300000;4.50050784;
197.400000;5.47784335;
197.500000;6.41624511;
197.600000;7.21585819;
197.700000;8.19138714;
197.800000;9.14840358;
197.900000;10.4565151;
198.000000;11.8374274;
198.100000;13.2898762;
198.200000;14.6133397;
198.300000;15.8013725;
198.400000;16.8796017;
198.500000;18.0012474;
198.600000;19.0060908;
198.700000;19.8789336;
198.800000;20.7645122;
198.900000;21.6567570;
199.000000;22.8246370;
199.100000;23.8965840;
199.200000;24.9651630;
199.300000;25.9910196;
199.400000;26.9184339;
199.500000;27.7335235;
199.600000;28.4881507;
199.700000;29.2016213;
199.800000;29.8473133;
199.900000;30.5234389;
200.000000;31.1663855;
200.100000;31.7397723;
200.200000;32.4254156;
200.300000;33.1732636;
200.400000;33.8133235;
200.500000;34.3599740;
200.600000;34.8690910;
200.700000;35.4228477;
200.800000;36.0062266;
200.900000;36.6070881;
201.000000;37.1736395;
201.100000;37.7681720;
201.200000;38.3363793;
201.300000;38.8452652;
201.400000;39.3427608;
201.500000;39.8476817;
201.600000;40.2914305;
201.700000;40.8585747;
201.800000;41.3952455;
201.900000;41.8689112;
202.000000;42.2455305;
202.100000;42.5598797;
202.200000;42.7974105;
202.300000;42.9706522;
202.400000;43.0842943;
202.500000;43.1462044;
202.600000;43.1694849;
202.700000;43.1411708;
202.800000;43.1143483;
202.900000;43.0926423;
203.000000;43.0750402;
203.100000;43.0764226;
203.200000;43.0999023;
203.300000;43.1189033;
203.400000;43.1343116;
203.500000;43.1467924;
203.600000;43.1568925;
203.700000;43.1650829;
203.800000;43.1717172;
203.900000;43.1693226;
204.000000;43.1639140;
204.100000;43.1630104;
204.200000;43.1171068;
204.300000;43.0943171;
204.400000;43.0573969;
204.500000;43.0614170;
204.600000;43.0348502;
204.700000;43.0092287;
204.800000;42.9884752;
204.900000;42.9716769;
205.000000;42.9672912;
205.100000;42.9714359;
205.200000;42.9768630;
205.300000;42.9720230;
205.400000;42.9926986;
205.500000;43.0320859;
205.600000;43.0639601;
205.700000;43.0898077;
205.800000;43.1107442;
205.900000;43.1047672;
206.000000;43.0244694;
206.100000;42.6060642;
206.200000;-20.0616536;
206.300000;40.6119376;
206.400000;39.7377114;
206.500000;38.7611003;
206.600000;37.6311648;
206.700000;36.5847874;
206.800000;35.5127178;
206.900000;34.4758289;
207.000000;33.5707974;
207.100000;32.8353459;
207.200000;32.1089361;
207.300000;31.3639278;
207.400000;30.6721735;
207.500000;29.9693864;
207.600000;29.1909320;
207.700000;28.3738589;
207.800000;27.5709817;
207.900000;26.8043134;
208.000000;26.0688020;
208.100000;25.1794416;
208.200000;24.4158277;
208.300000;23.7696513;
208.400000;23.2116676;
208.500000;22.7569507;
208.600000;22.4234378;
208.700000;22.0953086;
208.800000;21.8112000;
208.900000;-20.0812841;
209.000000;21.4339341;
209.100000;21.3514866;
209.200000;21.3237859;
209.300000;-20.0868872;
209.400000;21.9241546;
209.500000;22.4805131;
209.600000;23.1148541;
209.700000;23.8826818;
209.800000;24.8512442;
209.900000;25.8348296;
210.000000;26.7440693;
210.100000;27.6600561;
210.200000;28.4806964;
210.300000;29.3208014;
210.400000;30.0923911;
210.500000;30.8425228;
210.600000;31.6534562;
210.700000;32.4125395;
210.800000;33.2060130;
210.900000;33.9098116;
211.000000;34.5946574;
211.100000;35.2178845;
211.200000;35.8433644;
211.300000;36.4688758;
211.400000;36.9951094;
211.500000;37.5232986;
211.600000;38.0480364;
211.700000;38.5996595;
211.800000;39.1156242;
211.900000;39.7061065;
212.000000;40.2606458;
0.000000;40.7406751;
212.200000;41.1316854;
212.300000;41.4651195;
212.400000;41.7542808;
212.500000;42.0075014;
212.600000;42.2148853;
212.700000;42.3830571;
212.800000;42.5264113;
212.900000;42.6543932;
213.000000;42.7580320;
213.100000;42.8420060;
213.200000;42.8935268;
213.300000;42.9327207;
213.400000;42.9645037;
213.500000;42.9902480;
213.600000;43.0039017;
213.700000;43.0031604;
213.800000;42.9860979;
213.900000;42.9933649;
214.000000;42.9900163;
214.100000;42.9800732;
214.200000;42.9674194;
214.300000;42.9546181;
214.400000;42.9535267;
214.500000;42.9504966;
214.600000;42.9598961;
214.700000;42.9511058;
214.800000;42.9506837;
214.900000;42.9410601;
215.000000;42.9332608;
215.100000;42.9105512;
215.200000;42.9130365;
215.300000;42.9295444;
215.400000;42.9500110;
215.500000;42.9784904;
215.600000;42.9945110;
215.700000;43.0119079;
215.800000;43.0286454;
215.900000;43.0421991;
216.000000;43.0368382;
216.100000;43.0298389;
216.200000;43.0241695;
216.300000;43.0195815;
216.400000;43.0158610;
216.500000;43.0128474;
216.600000;43.0104080;
216.700000;43.0084310;
216.800000;43.0068291;
216.900000;43.0055328;
217.000000;43.0044816;
217.100000;43.0106101;
217.200000;43.0275833;
217.300000;43.0343786;
217.400000;43.0441107;
217.500000;43.0384714;
217.600000;43.0311618;
217.700000;43.0252428;
217.800000;43.0204466;
217.900000;43.0165629;
218.000000;43.0134179;
218.100000;43.0108685;
218.200000;43.0018986;
218.300000;42.9663334;
218.400000;42.9347300;
218.500000;42.8929213;
218.600000;42.8494198;
218.700000;42.7789581;
218.800000;42.6608120;
218.900000;42.5216527;
219.000000;42.3546447;
219.100000;42.1599142;
219.200000;41.9736249;
219.300000;41.8076841;
219.400000;41.6570681;
219.500000;41.4930732;
219.600000;41.3102512;
219.700000;41.1128855;
219.800000;40.8946172;
219.900000;40.2736079;
220.000000;39.3265808;
220.100000;38.2225305;
220.200000;37.2259341;
220.300000;36.3784738;
220.400000;35.6227818;
220.500000;34.8547893;
220.600000;33.9788598;
220.700000;32.9884725;
220.800000;31.9911347;
220.900000;31.0096716;
221.000000;30.0753449;
221.100000;29.2685494;
221.200000;28.4666190;
221.300000;27.5799213;
221.400000;26.7796482;
221.500000;25.9876511;
221.600000;25.2480831;
221.700000;24.5076273;
221.800000;23.8221781;
221.900000;23.2606169;
222.000000;22.7385252;
0.000000;22.3008854;
222.200000;21.9655923;
222.300000;21.7381968;
222.400000;-20.0599394;
222.500000;21.4155509;
222.600000;21.2986672;
222.700000;21.2105895;
222.800000;21.1515775;
222.900000;21.1038067;
223.000000;21.0650953;
223.100000;21.0337272;
223.200000;21.0083191;
223.300000;20.7513972;
223.400000;20.4530918;
223.500000;20.1602643;
223.600000;19.8671454;
223.700000;19.6263878;
223.800000;19.4313741;
223.900000;19.2668893;
224.000000;19.1212677;
224.100000;18.9714188;
224.200000;18.8279453;
224.300000;18.7022045;
224.400000;18.5718997;
224.500000;18.4473527;
224.600000;18.3210626;
224.700000;18.1965407;
224.800000;18.0831980;
224.900000;17.9914448;
225.000000;17.9170940;
225.100000;17.8409962;
225.200000;17.7762452;
225.300000;17.7237754;
225.400000;17.6970901;
225.500000;17.6786539;
225.600000;17.6637096;
225.700000;17.6293347;
225.800000;17.5857611;
225.900000;17.5504872;
226.000000;17.4996679;
226.100000;17.4362910;
226.200000;17.3659557;
226.300000;17.2964875;
226.400000;17.2115369;
226.500000;17.0541709;
226.600000;16.8920263;
226.700000;16.7447813;
226.800000;16.6065128;
226.900000;16.4628784;
227.000000;16.3021895;
227.100000;16.1687735;
227.200000;16.0449645;
227.300000;15.9415156;
227.400000;15.8576276;
227.500000;15.7582304;
227.600000;15.6337819;
227.700000;15.5450033;
227.800000;15.4224527;
227.900000;15.3232439;
228.000000;15.2491744;
228.100000;15.2018313;
228.200000;15.1791820;
228.300000;15.1861125;
228.400000;15.2014511;
228.500000;15.2168454;
228.600000;15.2326304;
228.700000;15.2517106;
228.800000;15.2798856;
228.900000;15.3026943;
229.000000;15.3211761;
229.100000;15.3361527;
229.200000;15.3701777;
229.300000;15.4200442;
229.400000;15.4732358;
229.500000;15.5381770;
229.600000;15.6130808;
229.700000;15.6865955;
229.800000;15.7929363;
229.900000;15.8891908;
230.000000;15.9672446;
230.100000;16.0304681;
230.200000;16.0972192;
230.300000;16.1547276;
230.400000;16.2168914;
230.500000;16.2830420;
230.600000;16.3621920;
230.700000;16.4480796;
230.800000;16.5339444;
230.900000;16.6034561;
231.000000;16.6969718;
231.100000;16.7986871;
231.200000;16.9093985;
231.300000;16.9964600;
231.400000;17.0386246;
231.500000;17.0692859;
231.600000;17.0940991;
231.700000;17.1142202;
231.800000;17.1305184;
231.900000;17.1437079;
232.000000;17.1234594;
0.000000;17.1154741;
232.200000;17.1125340;
232.300000;17.1101547;
232.400000;17.1021653;
232.500000;17.0827539;
232.600000;17.0670449;
232.700000;17.0388704;
232.800000;17.0064450;
232.900000;16.9612361;
233.000000;16.9116012;
233.100000;16.8653770;
233.200000;16.8149828;
233.300000;16.7741509;
233.400000;16.7350622;
233.500000;16.6904004;
233.600000;16.6482771;
233.700000;16.6011045;
233.800000;16.5628946;
233.900000;16.5319614;
234.000000;16.5068979;
234.100000;16.4806273;
234.200000;16.4463266;
234.300000;16.4185348;
234.400000;16.3960132;
234.500000;16.3777707;
234.600000;16.3630076;
234.700000;16.3510362;
234.800000;16.3106833;
234.900000;16.2706749;
235.000000;16.2382587;
235.100000;16.2119896;
235.200000;16.2060221;
235.300000;16.2048785;
235.400000;16.2039516;
235.500000;16.2184928;
235.600000;16.2492391;
235.700000;16.2778837;
235.800000;16.3010858;
235.900000;16.3198695;
236.000000;16.3350886;
236.100000;16.3299018;
236.200000;16.2709644;
236.300000;16.1890518;
236.400000;16.1151320;
236.500000;16.0494800;
236.600000;15.9773040;
236.700000;15.9056162;
236.800000;15.8475491;
236.900000;15.7853299;
237.000000;15.7253579;
237.100000;15.6635399;
237.200000;15.5982653;
237.300000;15.5358862;
237.400000;15.4720678;
237.500000;15.4203749;
237.600000;15.3727770;
237.700000;15.3058033;
237.800000;15.2477006;
237.900000;15.1949601;
238.000000;15.1331977;
238.100000;15.0433021;
238.200000;14.8739481;
238.300000;14.7078979;
238.400000;14.5431373;
238.500000;14.3811112;
238.600000;14.2327764;
238.700000;14.0785158;
238.800000;13.8679178;
238.900000;13.6538769;
239.000000;13.4727332;
239.100000;13.2844059;
239.200000;13.0918156;
239.300000;12.9111572;
239.400000;12.7116814;
239.500000;12.4592962;
239.600000;12.2110169;
239.700000;11.8826917;
239.800000;-20.0746823;
239.900000;11.1856859;
240.000000;10.7538161;
240.100000;10.2677510;
240.200000;9.82206588;
240.300000;9.42697485;
240.400000;9.09884963;
240.500000;8.82748820;
240.600000;8.54946405;
240.700000;8.30650588;
240.800000;8.05125776;
240.900000;7.82717627;
241.000000;7.61702678;
241.100000;7.45777769;
241.200000;7.33286230;
241.300000;7.23165932;
241.400000;7.14964405;
241.500000;7.08321168;
241.600000;7.02945002;
241.700000;6.98585452;
241.800000;6.95054216;
241.900000;6.92195331;
242.000000;6.92317561;
0.000000;6.90384025;
242.200000;6.87865127;
242.300000;6.85018140;
242.400000;6.85556094;
242.500000;6.86946436;
242.600000;6.89968376;
242.700000;6.99473585;
242.800000;7.16263204;
242.900000;7.38795279;
243.000000;7.64928486;
243.100000;7.94109673;
243.200000;8.22500635;
243.300000;8.48601963;
243.400000;8.71793590;
243.500000;8.92344267;
243.600000;9.10066765;
243.700000;9.27154080;
243.800000;9.40994805;
243.900000;9.50307753;
244.000000;9.59745340;
244.100000;9.67393726;
244.200000;9.73588918;
244.300000;9.77000503;
244.400000;9.74189807;
244.500000;9.70013144;
244.600000;9.64735271;
244.700000;9.60035570;
244.800000;9.56230632;
244.900000;9.53146812;
245.000000;9.51179972;
245.100000;9.51485778;
245.200000;9.55110480;
245.300000;9.65736031;
245.400000;9.83422185;
245.500000;10.0335037;
245.600000;10.2274927;
245.700000;10.5132851;
245.800000;10.9696089;
245.900000;-20.0723417;
246.000000;12.2229389;
246.100000;12.8717805;
246.200000;13.4708274;
246.300000;13.9860302;
246.400000;14.4698225;
246.500000;14.9573217;
246.600000;15.4033288;
246.700000;15.7825328;
246.800000;16.1485716;
246.900000;16.4820568;
247.000000;16.9074793;
247.100000;17.3249002;
247.200000;17.6863492;
247.300000;18.0951751;
247.400000;18.4828919;
247.500000;18.8659650;
247.600000;19.1762963;
247.700000;19.4424260;
247.800000;19.6477390;
247.900000;19.7942070;
248.000000;19.8712721;
248.100000;19.9337304;
248.200000;19.9843216;
248.300000;20.0449537;
248.400000;20.1124125;
248.500000;20.1670541;
248.600000;20.2061941;
248.700000;20.2189372;
248.800000;20.1956871;
248.900000;20.1148780;
249.000000;20.0309912;
249.100000;19.9294888;
249.200000;19.8042869;
249.300000;19.6559958;
249.400000;19.5117806;
249.500000;19.3715023;
249.600000;19.2389446;
249.700000;19.1125793;
249.800000;18.9671532;
249.900000;18.8259421;
250.000000;18.6925664;
250.100000;18.5699788;
250.200000;18.4427398;
250.300000;18.3396656;
250.400000;18.2416471;
250.500000;18.1577342;
250.600000;18.0848657;
250.700000;18.0117412;
250.800000;17.9425904;
250.900000;17.8296816;
251.000000;17.7241021;
251.100000;17.6100767;
251.200000;17.4888361;
251.300000;17.3242987;
251.400000;17.1483339;
251.500000;16.9723905;
251.600000;16.7829020;
251.700000;16.6151506;
251.800000;16.4792720;
251.900000;16.3499671;
252.000000;16.2216500;
0.000000;16.1179285;
252.200000;16.0193032;
252.300000;15.9063070;
252.400000;15.8101087;
252.500000;15.7514220;
252.600000;15.7129976;
252.700000;15.6486881;
252.800000;15.5775973;
252.900000;15.4676021;
253.000000;15.3215997;
253.100000;15.1796758;
253.200000;15.0361994;
253.300000;14.9154298;
253.400000;14.8031781;
253.500000;14.7123743;
253.600000;14.6482963;
253.700000;14.5916420;
253.800000;14.5457900;
253.900000;14.5370977;
254.000000;14.5300492;
254.100000;14.5243398;
254.200000;14.5102162;
254.300000;14.4560279;
254.400000;14.3788506;
254.500000;14.2926420;
254.600000;14.1848592;
254.700000;14.0737359;
254.800000;13.9837261;
254.900000;13.9061383;
255.000000;13.8243085;
255.100000;13.7389899;
255.200000;13.5798184;
255.300000;13.3796283;
255.400000;13.1792870;
255.500000;12.9980104;
255.600000;12.8230101;
255.700000;12.6194642;
255.800000;12.3925720;
255.900000;12.1899760;
256.000000;11.9597925;
256.100000;11.6873712;
256.200000;11.4572590;
256.300000;11.2139058;
256.400000;10.9976437;
256.500000;10.8080914;
256.600000;10.6546913;
256.700000;10.5486999;
256.800000;10.5579269;
256.900000;10.6462972;
257.000000;10.7465810;
257.100000;10.8655546;
257.200000;10.9996715;
257.300000;11.1654140;
257.400000;11.4039613;
257.500000;11.6591776;
257.600000;11.8759339;
257.700000;12.0515064;
257.800000;12.1936627;
257.900000;12.3179286;
258.000000;12.4474589;
258.100000;12.5524417;
258.200000;12.6374778;
258.300000;12.7062955;
258.400000;12.7620994;
258.500000;12.7932404;
258.600000;12.8135148;
258.700000;12.8108430;
258.800000;12.8367182;
258.900000;12.9147450;
259.000000;12.9879435;
259.100000;13.0612482;
259.200000;13.1204376;
259.300000;13.1925545;
259.400000;13.2509691;
259.500000;13.3306188;
259.600000;13.4287078;
259.700000;13.5371994;
259.800000;13.6251315;
259.900000;13.7102530;
260.000000;13.7843049;
260.100000;13.8442870;
260.200000;13.8972091;
260.300000;13.9678794;
260.400000;14.0689823;
260.500000;14.1508437;
260.600000;14.2171501;
260.700000;14.3030996;
260.800000;14.3931228;
260.900000;14.4235950;
261.000000;14.4381063;
261.100000;14.4498661;
261.200000;14.4593879;
261.300000;14.4671003;
261.400000;14.4551432;
261.500000;14.4256774;
261.600000;14.3793408;
261.700000;14.2900660;
261.800000;14.1547122;
261.900000;14.0303801;
262.000000;13.9167679;
0.000000;13.7667300;
262.200000;13.6359041;
262.300000;13.4927284;
262.400000;13.3282760;
262.500000;13.1761296;
262.600000;13.0116187;
262.700000;12.8384112;
262.800000;12.6524250;
262.900000;12.4674054;
263.000000;12.2983784;
263.100000;12.1244485;
263.200000;11.9489596;
263.300000;11.7886773;
263.400000;11.6346286;
263.500000;11.4729456;
263.600000;11.2946316;
263.700000;11.0972916;
263.800000;10.8898642;
263.900000;10.6977974;
264.000000;10.5230559;
264.100000;10.3529965;
264.200000;10.1783024;
264.300000;10.0032318;
264.400000;9.80416573;
264.500000;9.62830564;
264.600000;9.44906170;
264.700000;9.26461998;
264.800000;9.08663418;
264.900000;8.93320660;
265.000000;8.78020735;
265.100000;8.63727795;
265.200000;8.51623919;
265.300000;8.41820526;
265.400000;8.33874626;
265.500000;8.27444168;
265.600000;8.22229776;
265.700000;8.19371519;
265.800000;8.17591571;
265.900000;8.16149935;
266.000000;8.14981448;
266.100000;8.13630973;
266.200000;8.12001696;
266.300000;8.09320583;
266.400000;8.05247672;
266.500000;8.00048615;
266.600000;7.94744450;
266.700000;7.90583004;
266.800000;7.85314338;
266.900000;7.80109180;
267.000000;7.75348636;
267.100000;7.70532395;
267.200000;7.66634704;
267.300000;7.63474110;
267.400000;7.60914029;
267.500000;7.58840364;
267.600000;7.57162186;
267.700000;7.55801371;
267.800000;7.56446601;
267.900000;7.62122745;
268.000000;7.68354747;
268.100000;7.74759345;
268.200000;7.82800128;
268.300000;7.90258104;
268.400000;8.00511064;
268.500000;8.09910715;
268.600000;8.15786352;
268.700000;8.17137745;
268.800000;8.17293573;
268.900000;8.15523024;
269.000000;8.12573649;
269.100000;8.07492059;
269.200000;8.02269633;
269.300000;7.98039846;
269.400000;7.94612276;
269.500000;7.91836887;
269.600000;7.89589108;
269.700000;7.87767177;
269.800000;7.86291414;
269.900000;7.84717105;
270.000000;7.80578855;
270.100000;7.75328869;
270.200000;7.69378660;
270.300000;7.55981276;
270.400000;7.42104633;
270.500000;7.30315209;
270.600000;7.18078519;
270.700000;7.05705201;
270.800000;6.93406813;
270.900000;6.81370191;
271.000000;6.69899255;
271.100000;6.54349197;
271.200000;6.34156151;
271.300000;6.12862813;
271.400000;5.90084078;
271.500000;5.69011943;
271.600000;5.46596674;
271.700000;5.25603306;
271.800000;5.03843641;
271.900000;4.84124367;
272.000000;4.68140737;
0.000000;4.55193997;
272.200000;4.44716421;
272.300000;4.36220301;
272.400000;4.28377195;
272.500000;4.22983785;
272.600000;4.18620731;
272.700000;4.16410392;
272.800000;4.15192809;
272.900000;4.12880931;
273.000000;4.10795554;
273.100000;4.11970199;
273.200000;4.13494511;
273.300000;4.16054554;
273.400000;4.20028189;
273.500000;4.23821627;
273.600000;4.28573976;
273.700000;4.34544921;
273.800000;4.39377109;
273.900000;4.46298084;
274.000000;4.54596729;
274.100000;4.62999751;
274.200000;4.71921903;
274.300000;4.80475341;
274.400000;4.91330227;
274.500000;5.04373409;
274.600000;5.18886820;
274.700000;5.32750324;
274.800000;5.45527763;
274.900000;5.56568341;
275.000000;5.68620356;
275.100000;5.78379476;
275.200000;5.86282829;
275.300000;5.93654292;
275.400000;5.98659976;
275.500000;6.02710999;
275.600000;6.05995909;
275.700000;6.07345286;
275.800000;6.07849682;
275.900000;6.05294682;
276.000000;6.00488692;
276.100000;5.96597021;
276.200000;5.93443587;
276.300000;5.92198586;
276.400000;5.93088655;
276.500000;5.94400651;
276.600000;5.96770527;
276.700000;6.03542127;
276.800000;6.14011190;
276.900000;6.27927261;
277.000000;6.43521081;
277.100000;6.57456276;
277.200000;6.70639639;
277.300000;6.83549913;
277.400000;6.96175429;
277.500000;7.06730764;
277.600000;7.16848931;
277.700000;7.25047634;
277.800000;7.32986631;
277.900000;7.41645836;
278.000000;7.52795927;
278.100000;7.70759901;
278.200000;7.88997566;
278.300000;8.08609029;
278.400000;8.30467313;
278.500000;8.49373032;
278.600000;8.66634298;
278.700000;8.84373781;
278.800000;8.99393307;
278.900000;9.15025498;
279.000000;9.31857453;
279.100000;9.46704537;
279.200000;9.58720076;
279.300000;9.69754861;
279.400000;9.78009838;
279.500000;9.84086237;
279.600000;9.89006916;
279.700000;9.94285402;
279.800000;9.99169792;
279.900000;10.0859717;
280.000000;10.2155170;
280.100000;10.3458488;
280.200000;10.4921913;
280.300000;10.6266750;
280.400000;10.7356067;
280.500000;10.8109605;
280.600000;10.8786890;
280.700000;10.9397211;
280.800000;10.9891878;
280.900000;11.0292069;
281.000000;11.0616576;
281.100000;11.0879426;
281.200000;11.1092148;
281.300000;11.1264640;
281.400000;11.1404358;
281.500000;11.1517499;
281.600000;11.1640119;
281.700000;11.1898496;
281.800000;11.2107725;
281.900000;11.2404874;
282.000000;11.2707948;
0.000000;11.2953222;
282.200000;11.3182970;
282.300000;11.3558595;
282.400000;11.3991862;
282.500000;11.4183357;
282.600000;11.4465784;
282.700000;11.4757285;
282.800000;11.4993401;
282.900000;-20.0311667;
283.000000;-20.0632450;
283.100000;-20.0892284;
283.200000;11.6102565;
283.300000;11.6243078;
283.400000;11.6293911;
283.500000;11.6238088;
283.600000;11.6192863;
283.700000;11.6156219;
283.800000;11.6126564;
283.900000;11.6102516;
284.000000;11.6083038;
284.100000;11.6164301;
284.200000;11.6162633;
284.300000;11.6321634;
284.400000;11.6450524;
284.500000;11.6554897;
284.600000;11.6639414;
284.700000;11.6678726;
284.800000;11.6520881;
284.900000;11.6260914;
285.000000;11.6211340;
285.100000;11.6297244;
285.200000;11.6556604;
285.300000;11.7111489;
285.400000;11.7976226;
285.500000;11.8866663;
285.600000;11.9651308;
285.700000;12.0316159;
285.800000;12.1015914;
285.900000;12.1679694;
286.000000;12.2148953;
286.100000;12.2690517;
286.200000;12.3129043;
286.300000;12.3484525;
286.400000;12.3772465;
286.500000;12.4005492;
286.600000;12.4194448;
286.700000;12.4472703;
286.800000;12.4762890;
286.900000;12.4997734;
287.000000;12.5188165;
287.100000;12.5342414;
287.200000;12.5467245;
287.300000;12.5568469;
287.400000;12.5678060;
287.500000;12.5929008;
287.600000;12.6132497;
287.700000;12.6297322;
287.800000;12.6430799;
287.900000;12.6538878;
288.000000;12.6626491;
288.100000;12.6697441;
288.200000;12.6754891;
288.300000;12.6801461;
288.400000;12.6839184;
288.500000;12.6993983;
288.600000;12.7309124;
288.700000;12.7630390;
288.800000;12.8014627;
288.900000;12.8391606;
289.000000;12.8723801;
289.100000;12.9280219;
289.200000;12.9946684;
289.300000;13.0743214;
289.400000;13.1578404;
289.500000;13.2443971;
289.600000;13.3309617;
289.700000;13.4186770;
289.800000;13.5441063;
289.900000;13.6712170;
290.000000;13.8030258;
290.100000;13.9287909;
290.200000;14.0372256;
290.300000;14.1251527;
290.400000;14.1963577;
290.500000;14.2514749;
290.600000;14.2796763;
290.700000;14.2999778;
290.800000;14.2974271;
290.900000;14.2738480;
291.000000;14.2095309;
291.100000;14.1384340;
291.200000;14.0741878;
291.300000;14.0220921;
291.400000;13.9773746;
291.500000;13.9246850;
291.600000;13.8795228;
291.700000;13.8239135;
291.800000;13.7721619;
291.900000;13.7204624;
292.000000;13.6785745;
0.000000;13.6446454;
292.200000;13.6171868;
292.300000;13.6218093;
292.400000;13.6581255;
292.500000;13.7138922;
292.600000;13.8373792;
292.700000;14.0446692;
292.800000;14.2261820;
292.900000;14.3730789;
293.000000;14.4921939;
293.100000;14.5886567;
293.200000;14.6691602;
293.300000;14.7388597;
293.400000;14.7884764;
293.500000;14.8286308;
293.600000;14.8709529;
293.700000;14.8954719;
293.800000;14.9177122;
293.900000;14.9523166;
294.000000;14.9803765;
294.100000;15.0054649;
294.200000;15.0447743;
294.300000;15.0932348;
294.400000;15.1325202;
294.500000;15.1643136;
294.600000;15.1900940;
294.700000;15.2109761;
294.800000;15.2278873;
294.900000;15.2415795;
295.000000;15.2526794;
295.100000;15.2616703;
295.200000;15.2568856;
295.300000;15.2460846;
295.400000;15.2252765;
295.500000;15.1894220;
295.600000;15.1534632;
295.700000;15.1243052;
295.800000;15.0984364;
295.900000;15.0607589;
296.000000;15.0302147;
296.100000;15.0054739;
296.200000;14.9832314;
296.300000;14.9417574;
296.400000;14.8413855;
296.500000;14.7196285;
296.600000;14.6089191;
296.700000;14.5100245;
296.800000;14.4250998;
296.900000;14.3633847;
297.000000;14.3133416;
297.100000;14.2749867;
297.200000;14.2488077;
297.300000;14.2205342;
297.400000;14.1835287;
297.500000;14.1296684;
297.600000;14.0579292;
297.700000;13.9476427;
297.800000;13.8127898;
297.900000;13.6844517;
298.000000;13.5831939;
298.100000;13.4913870;
298.200000;13.4268256;
298.300000;13.3647714;
298.400000;13.3144648;
298.500000;13.2737240;
298.600000;13.2386591;
298.700000;13.1933139;
298.800000;13.1565843;
298.900000;13.1129452;
299.000000;13.0534856;
299.100000;12.9934816;
299.200000;12.9377587;
299.300000;12.8827885;
299.400000;12.8480587;
299.500000;12.8178876;
299.600000;12.7745050;
299.700000;12.7223490;
299.800000;12.6564667;
299.900000;12.5867970;
300.000000;12.5015055;
300.100000;12.4134363;
300.200000;12.3348834;
300.300000;12.2712999;
300.400000;12.2197529;
300.500000;12.1780362;
300.600000;12.1442093;
300.700000;12.1168095;
300.800000;12.0965756;
300.900000;12.0972258;
301.000000;12.0977529;
301.100000;12.0942998;
301.200000;12.0574150;
301.300000;12.0275061;
301.400000;11.9623360;
301.500000;11.8074424;
301.600000;11.6122600;
301.700000;11.4161306;
301.800000;11.2230976;
301.900000;11.0668192;
302.000000;10.9499356;
302.100000;10.8435678;
302.200000;10.7403797;
302.300000;10.6567075;
302.400000;10.5464711;
302.500000;10.3075269;
302.600000;9.85407096;
302.700000;9.43314148;
302.800000;9.07141113;
302.900000;8.75406820;
303.000000;8.48515724;
303.100000;8.26179736;
303.200000;8.08657806;
303.300000;7.93712823;
303.400000;7.81607387;
303.500000;7.71803513;
303.600000;7.63866503;
303.700000;7.57431867;
303.800000;7.52219812;
303.900000;7.47825713;
304.000000;7.43697227;
304.100000;7.41094754;
304.200000;7.38988580;
304.300000;7.36932750;
304.400000;7.31641528;
304.500000;7.25630543;
304.600000;7.20764232;
304.700000;7.16819028;
304.800000;7.13451412;
304.900000;7.08829510;
305.000000;7.01045903;
305.100000;6.96706181;
305.200000;6.96584312;
305.300000;6.97233293;
305.400000;6.98934967;
305.500000;7.15240151;
305.600000;7.37275555;
305.700000;7.79115200;
305.800000;8.37026712;
305.900000;9.03187984;
306.000000;10.0905587;
306.100000;11.6170645;
306.200000;12.9698536;
306.300000;14.1882408;
306.400000;15.3890951;
306.500000;16.4147349;
306.600000;17.5472166;
306.700000;18.6839255;
306.800000;19.7875396;
306.900000;20.8805671;
307.000000;21.9059514;
307.100000;22.8535226;
307.200000;23.9442393;
307.300000;25.0918556;
307.400000;26.2191230;
307.500000;27.2900597;
307.600000;28.2723343;
307.700000;29.1272948;
307.800000;29.9301881;
307.900000;30.7715584;
308.000000;-20.0035223;
308.100000;32.2087331;
308.200000;32.9030011;
308.300000;33.6417569;
308.400000;34.3768731;
308.500000;35.0993172;
308.600000;35.7197325;
308.700000;36.2878993;
308.800000;36.8667405;
308.900000;37.4225388;
309.000000;37.9710384;
309.100000;38.5340103;
309.200000;39.0642059;
309.300000;39.6442868;
309.400000;40.2792003;
309.500000;40.8454482;
309.600000;41.3226876;
309.700000;41.7202170;
309.800000;42.0759558;
309.900000;42.3352155;
310.000000;42.5373744;
310.100000;42.7012733;
310.200000;42.8339166;
310.300000;42.9499544;
310.400000;43.0150831;
310.500000;43.0277389;
310.600000;43.0224685;
310.700000;43.0181995;
310.800000;43.0133847;
310.900000;43.0057777;
311.000000;43.0189004;
311.100000;42.9963093;
311.200000;43.0004050;
311.300000;43.0094579;
311.400000;43.0253409;
311.500000;43.0205267;
311.600000;43.0264995;
311.700000;43.0214646;
311.800000;43.0173868;
311.900000;43.0140858;
312.000000;43.0002575;
0.000000;42.9812086;
312.200000;42.9657923;
312.300000;42.9520317;
312.400000;42.9244057;
312.500000;42.9086566;
312.600000;42.8867719;
312.700000;42.8512852;
312.800000;42.8225410;
312.900000;42.7992783;
313.000000;42.7804154;
313.100000;42.7663565;
313.200000;42.7739433;
313.300000;42.7978940;
313.400000;42.8172942;
313.500000;42.8329947;
313.600000;42.8457257;
313.700000;42.8572178;
313.800000;42.8954036;
313.900000;42.9342473;
314.000000;42.9669003;
314.100000;43.0111893;
314.200000;43.0470597;
314.300000;43.0760962;
314.400000;43.0996379;
314.500000;43.1175671;
314.600000;43.1142319;
314.700000;43.1115279;
314.800000;43.1093378;
314.900000;43.1075650;
315.000000;43.0951376;
315.100000;43.0770615;
315.200000;43.0624324;
315.300000;43.0505703;
315.400000;43.0398819;
315.500000;43.0133068;
315.600000;42.9917951;
315.700000;42.9634000;
315.800000;42.9443579;
315.900000;42.9538890;
316.000000;42.9446901;
316.100000;42.9551990;
316.200000;42.9647238;
316.300000;42.9904263;
316.400000;43.0112453;
316.500000;43.0291252;
316.600000;43.0615663;
316.700000;43.0878687;
316.800000;43.0982736;
316.900000;43.0886994;
317.000000;43.0789845;
317.100000;43.0449803;
317.200000;43.0174554;
317.300000;42.9951389;
317.400000;42.9770625;
317.500000;42.9624218;
317.600000;42.9505709;
317.700000;42.9409624;
317.800000;42.9331796;
317.900000;42.9377089;
318.000000;42.9495442;
318.100000;42.9591308;
318.200000;42.9668953;
318.300000;42.9731803;
318.400000;42.9782760;
318.500000;42.9824000;
318.600000;42.9857440;
318.700000;42.9884527;
318.800000;42.9906465;
318.900000;42.9924223;
319.000000;42.9839480;
319.100000;42.9861379;
319.200000;42.9805454;
319.300000;43.0040708;
319.400000;43.0032974;
319.500000;43.0026714;
319.600000;42.9914258;
319.700000;42.9740549;
319.800000;42.9599855;
319.900000;42.9807572;
320.000000;42.9795334;
320.100000;42.9454244;
320.200000;42.9178156;
320.300000;42.8847286;
320.400000;42.8480702;
320.500000;42.7704549;
320.600000;42.6590172;
320.700000;42.5231200;
320.800000;42.3826111;
320.900000;42.2226271;
321.000000;42.0442559;
321.100000;41.8648473;
321.200000;41.7174911;
321.300000;-20.0296398;
321.400000;41.2739923;
321.500000;41.0314416;
321.600000;40.8164677;
321.700000;40.6289088;
321.800000;40.3227773;
321.900000;39.5008177;
322.000000;38.6486423;
0.000000;37.5824283;
322.200000;36.6732270;
322.300000;35.7569718;
322.400000;34.7559592;
322.500000;33.9171222;
322.600000;33.1652913;
322.700000;32.3756779;
322.800000;-20.0249973;
322.900000;30.6336444;
323.000000;29.8523540;
323.100000;29.0681782;
323.200000;28.2287111;
323.300000;27.3665560;
323.400000;26.4419104;
323.500000;25.6887943;
323.600000;24.9382572;
323.700000;24.2087383;
323.800000;23.3117560;
323.900000;22.4509933;
324.000000;21.6384965;
324.100000;20.8678222;
324.200000;20.1120541;
324.300000;19.4274458;
324.400000;18.6282611;
324.500000;17.8938428;
324.600000;17.0774926;
324.700000;16.3920490;
324.800000;15.5702317;
324.900000;14.8330179;
325.000000;14.0476945;
325.100000;13.2448826;
325.200000;12.5330046;
325.300000;11.8869577;
325.400000;11.2881656;
325.500000;10.7669830;
325.600000;10.3366076;
325.700000;9.96728415;
325.800000;9.67946597;
325.900000;9.42617010;
326.000000;9.20180178;
326.100000;9.01189944;
326.200000;8.86580931;
326.300000;8.70920667;
326.400000;8.53603741;
326.500000;8.33568702;
326.600000;8.13906791;
326.700000;7.97964501;
326.800000;7.85062300;
326.900000;7.73566263;
327.000000;7.63350673;
327.100000;7.53214045;
327.200000;7.45010404;
327.300000;7.37326027;
327.400000;7.30234082;
327.500000;7.24453606;
327.600000;7.17913023;
327.700000;7.10548349;
327.800000;7.04837362;
327.900000;6.98191926;
328.000000;6.90903460;
328.100000;6.83132015;
328.200000;6.74788145;
328.300000;6.66248397;
328.400000;6.56344202;
328.500000;6.41851209;
328.600000;6.30183479;
328.700000;6.23273018;
328.800000;6.15051144;
328.900000;6.08391586;
329.000000;6.03001668;
329.100000;5.98631351;
329.200000;5.95094421;
329.300000;5.92226481;
329.400000;5.88881849;
329.500000;5.85275364;
329.600000;5.80429045;
329.700000;5.72703526;
329.800000;5.62624176;
329.900000;5.48777115;
330.000000;5.31869463;
330.100000;5.14428909;
330.200000;4.99237555;
330.300000;4.81146681;
330.400000;4.63828812;
330.500000;4.49801553;
330.600000;4.38448789;
330.700000;4.28197119;
330.800000;4.15239843;
330.900000;4.04739093;
331.000000;3.94338665;
331.100000;3.85914319;
331.200000;3.77074825;
331.300000;3.67119808;
331.400000;3.58155160;
331.500000;3.49003396;
331.600000;3.37591487;
331.700000;3.14188948;
331.800000;2.81023048;
331.900000;2.35918889;
332.000000;1.91971100;
0.000000;-20.01696591;
332.200000;1.19102076;
332.300000;0.92672681;
332.400000;0.71264872;
332.500000;0.53936611;
332.600000;0.43697345;
332.700000;0.35394850;
332.800000;0.28675565;
332.900000;0.23227207;
333.000000;0.18814038;
333.100000;0.15239371;
333.200000;0.12346360;
333.300000;0.10000551;
333.400000;0.08100447;
333.500000;0.06561362;
333.600000;0.05315884;
333.700000;0.04305866;
333.800000;0.03487753;
333.900000;0.02825704;
334.000000;0.02288822;
334.100000;0.01853946;
334.200000;0.01502030;
334.300000;0.01216644;
334.400000;0.00985482;
334.500000;0.00798240;
334.600000;0.00646718;
334.700000;0.00523842;
334.800000;0.00424312;
334.900000;0.00343769;
335.000000;0.00278453;
335.100000;0.00225596;
335.200000;0.00182733;
335.300000;0.00148014;
335.400000;0.00119891;
335.500000;9.71332798E-04;
335.600000;7.86782005E-04;
335.700000;6.37293424E-04;
335.800000;5.16207674E-04;
335.900000;4.18219507E-04;
336.000000;3.38759001E-04;
336.100000;2.74394791E-04;
336.200000;2.22308198E-04;
336.300000;1.80070358E-04;
336.400000;1.45856990E-04;
336.500000;1.18170364E-04;
336.600000;9.57179946E-05;
336.700000;7.75315756E-05;
336.800000;6.28005763E-05;
336.900000;5.08797458E-05;
337.000000;4.12125941E-05;
337.100000;3.33822012E-05;
337.200000;2.70395830E-05;
337.300000;2.19069175E-05;
337.400000;1.77446032E-05;
337.500000;1.43731286E-05;
337.600000;1.16448144E-05;
337.700000;9.43229968E-06;
337.800000;7.64180835E-06;
337.900000;6.18990309E-06;
338.000000;5.01382150E-06;
338.100000;4.06119541E-06;
338.200000;3.29027521E-06;
338.300000;2.66514060E-06;
338.400000;2.15876388E-06;
338.500000;1.74859875E-06;
338.600000;1.41666867E-06;
338.700000;1.14750974E-06;
338.800000;9.29482886E-07;
338.900000;7.53042195E-07;
339.000000;6.09968760E-07;
339.100000;4.94074696E-07;
339.200000;4.00289102E-07;
339.300000;3.24234173E-07;
339.400000;2.62629680E-07;
339.500000;2.12730041E-07;
339.600000;1.72349472E-07;
339.700000;1.39603072E-07;
339.800000;1.13102512E-07;
339.900000;9.15935757E-08;
340.000000;7.42072138E-08;
340.100000;6.01078432E-08;
340.200000;4.86873530E-08;
340.300000;3.94454809E-08;
340.400000;3.19508395E-08;
340.500000;2.58856531E-08;
340.600000;2.09675826E-08;
340.700000;1.69837419E-08;
340.800000;1.37568309E-08;
340.900000;1.11453841E-08;
341.000000;9.02785277E-09;
341.100000;7.31256074E-09;
341.200000;5.92448377E-09;
341.300000;4.79878104E-09;
341.400000;3.88705380E-09;
341.500000;3.14851358E-09;
341.600000;2.55083159E-09;
341.700000;2.06619638E-09;
341.800000;1.67361906E-09;
341.900000;1.35593103E-09;
342.000000;1.09830413E-09;
